model_key,valid_fold,mcc,micro_auprc,sensitivity,precision,micro_auroc,valid_mcc,best_threshold,model_kwargs.lm_freeze_layer_count,max_slice_length,padding,hp_combination,finished_at,pos_weight_factor,task_kwargs.criterion,task_kwargs.focal_loss_gamma,task_kwargs.focal_loss_alpha
esm-t33-gearnet,0,0.6688,0.674,0.5994,0.7754,0.9172,0.6923,-1.0,29.0,400.0,25.0,0,2024-09-11 17:26:52,,,,
esm-t33-gearnet,0,0.627,0.6513,0.6009,0.6876,0.9072,0.6874,-2.4,29.0,400.0,50.0,1,2024-09-11 17:42:17,,,,
esm-t33-gearnet,0,0.6493,0.6642,0.5801,0.7578,0.9111,0.6819,-1.4,29.0,400.0,75.0,2,2024-09-11 17:58:12,,,,
esm-t33-gearnet,0,0.6584,0.68,0.6246,0.7246,0.9164,0.6941,-2.9,29.0,500.0,25.0,3,2024-09-11 18:15:18,,,,
esm-t33-gearnet,0,0.6582,0.6687,0.5905,0.7639,0.91,0.6914,-1.9,29.0,500.0,50.0,4,2024-09-12 11:44:36,,,,
esm-t33-gearnet,0,0.6597,0.675,0.6157,0.7371,0.9056,0.6969,-2.7,29.0,500.0,75.0,5,2024-09-12 12:01:54,,,,
esm-t33-gearnet,0,0.6414,0.6595,0.6068,0.7101,0.928,0.6918,-2.7,29.0,600.0,25.0,6,2024-09-12 15:56:41,,,,
esm-t33-gearnet,0,0.6517,0.6659,0.638,0.6969,0.9228,0.6941,-3.0,29.0,600.0,50.0,7,2024-09-12 16:13:39,,,,
esm-t33-gearnet,0,0.6679,0.6807,0.6246,0.7438,0.9138,0.6864,-3.0,29.0,600.0,75.0,8,2024-09-12 16:30:31,,,,
esm-t33-gearnet,0,0.6508,0.6797,0.5831,0.7572,0.9185,0.6781,-2.1,30.0,400.0,25.0,9,2024-09-12 16:46:50,,,,
esm-t33-gearnet,0,0.6557,0.6774,0.5861,0.764,0.913,0.6799,-2.2,30.0,400.0,50.0,10,2024-09-12 17:03:36,,,,
esm-t33-gearnet,0,0.6546,0.6792,0.6261,0.7153,0.9182,0.6702,-3.0,30.0,400.0,75.0,11,2024-09-12 17:19:55,,,,
esm-t33-gearnet,0,0.6495,0.6594,0.6024,0.7315,0.918,0.667,-2.9,30.0,500.0,25.0,12,2024-09-12 17:35:47,,,,
esm-t33-gearnet,0,0.6616,0.6778,0.6291,0.726,0.9063,0.6862,-3.0,30.0,500.0,50.0,13,2024-09-12 17:52:42,,,,
esm-t33-gearnet,0,0.6576,0.6601,0.6083,0.7414,0.9126,0.6732,-3.0,30.0,500.0,75.0,14,2024-09-12 18:09:54,,,,
esm-t33-gearnet,0,0.6463,0.658,0.6024,0.725,0.9084,0.6717,-3.0,30.0,600.0,25.0,15,2024-09-12 18:24:46,,,,
esm-t33-gearnet,0,0.6587,0.6844,0.595,0.7595,0.9311,0.686,-0.7,30.0,600.0,50.0,16,2024-09-12 18:39:01,,,,
esm-t33-gearnet,0,0.6525,0.657,0.5816,0.7626,0.8933,0.6694,-1.5,30.0,600.0,75.0,17,2024-09-12 18:53:35,,,,
esm-t33-gearnet,0,0.6537,0.6813,0.5727,0.7767,0.9141,0.6819,-0.8,31.0,400.0,25.0,18,2024-09-12 19:07:13,,,,
esm-t33-gearnet,0,0.6448,0.668,0.5786,0.75,0.9129,0.6551,-2.2,31.0,400.0,50.0,19,2024-09-12 19:20:46,,,,
esm-t33-gearnet,0,0.6386,0.6544,0.5757,0.7405,0.9022,0.663,-2.1,31.0,400.0,75.0,20,2024-09-12 19:34:52,,,,
esm-t33-gearnet,0,0.6502,0.6775,0.5979,0.7381,0.9202,0.6784,-2.7,31.0,500.0,25.0,21,2024-09-12 19:48:14,,,,
esm-t33-gearnet,0,0.6466,0.6837,0.6157,0.7106,0.9308,0.6731,-2.8,31.0,500.0,50.0,22,2024-09-12 20:01:38,,,,
esm-t33-gearnet,0,0.6413,0.6777,0.6024,0.7148,0.918,0.6834,-2.5,31.0,500.0,75.0,23,2024-09-12 20:15:24,,,,
esm-t33-gearnet,0,0.6493,0.6732,0.5875,0.7486,0.9034,0.6693,-2.8,31.0,600.0,25.0,24,2024-09-12 20:29:49,,,,
esm-t33-gearnet,0,0.6472,0.6601,0.6009,0.7284,0.9131,0.6711,-2.9,31.0,600.0,50.0,25,2024-09-12 20:43:52,,,,
esm-t33-gearnet,0,0.6451,0.6594,0.6024,0.7224,0.9094,0.6515,-2.7,31.0,600.0,75.0,26,2024-09-12 20:58:08,,,,
esm-t33-gearnet,1,0.6684,0.6803,0.6335,0.7349,0.9268,0.6111,-0.9,29.0,400.0,25.0,0,2024-09-12 21:12:06,,,,
esm-t33-gearnet,1,0.669,0.6811,0.6261,0.7443,0.9236,0.6077,-1.7,29.0,400.0,50.0,1,2024-09-12 21:26:01,,,,
esm-t33-gearnet,1,0.6725,0.6808,0.6543,0.7206,0.9181,0.614,-3.0,29.0,400.0,75.0,2,2024-09-12 21:40:17,,,,
esm-t33-gearnet,1,0.6966,0.6928,0.6499,0.7739,0.9204,0.6154,-2.7,29.0,500.0,25.0,3,2024-09-12 21:54:10,,,,
esm-t33-gearnet,1,0.6719,0.6798,0.6202,0.7572,0.9118,0.6089,-2.9,29.0,500.0,50.0,4,2024-09-12 22:08:23,,,,
esm-t33-gearnet,1,0.6674,0.6727,0.632,0.7345,0.9119,0.6028,-2.2,29.0,500.0,75.0,5,2024-09-12 22:22:35,,,,
esm-t33-gearnet,1,0.6839,0.6837,0.6558,0.7416,0.8997,0.605,-2.6,29.0,600.0,25.0,6,2024-09-12 22:37:01,,,,
esm-t33-gearnet,1,0.6649,0.6713,0.6276,0.7344,0.9205,0.6069,-2.6,29.0,600.0,50.0,7,2024-09-12 22:51:39,,,,
esm-t33-gearnet,1,0.6776,0.6623,0.6039,0.7888,0.9058,0.6023,-0.5,29.0,600.0,75.0,8,2024-09-12 23:06:29,,,,
esm-t33-gearnet,1,0.6654,0.6785,0.6128,0.7523,0.9106,0.6043,-2.5,30.0,400.0,25.0,9,2024-09-12 23:20:11,,,,
esm-t33-gearnet,1,0.6711,0.6818,0.6558,0.7164,0.9134,0.6004,-2.9,30.0,400.0,50.0,10,2024-09-12 23:34:13,,,,
esm-t33-gearnet,1,0.6839,0.6916,0.6306,0.7699,0.9227,0.6157,-1.6,30.0,400.0,75.0,11,2024-09-12 23:48:19,,,,
esm-t33-gearnet,1,0.6761,0.6901,0.6261,0.759,0.9239,0.5955,-2.2,30.0,500.0,25.0,12,2024-09-13 00:01:56,,,,
esm-t33-gearnet,1,0.672,0.684,0.6484,0.7259,0.9244,0.5935,-3.0,30.0,500.0,50.0,13,2024-09-13 00:15:42,,,,
esm-t33-gearnet,1,0.6765,0.6642,0.6113,0.7774,0.9013,0.6027,-2.6,30.0,500.0,75.0,14,2024-09-13 00:29:36,,,,
esm-t33-gearnet,1,0.6688,0.6775,0.5994,0.7754,0.9101,0.5998,-2.3,30.0,600.0,25.0,15,2024-09-13 00:44:04,,,,
esm-t33-gearnet,1,0.6805,0.6904,0.6454,0.7461,0.9139,0.6154,-2.2,30.0,600.0,50.0,16,2024-09-13 00:58:22,,,,
esm-t33-gearnet,1,0.6887,0.6947,0.6573,0.7496,0.9223,0.6057,-2.5,30.0,600.0,75.0,17,2024-09-13 01:13:10,,,,
esm-t33-gearnet,1,0.6812,0.6958,0.6276,0.7677,0.9221,0.5913,-1.3,31.0,400.0,25.0,18,2024-09-13 01:26:47,,,,
esm-t33-gearnet,1,0.6499,0.6627,0.6039,0.7307,0.9211,0.581,-1.5,31.0,400.0,50.0,19,2024-09-13 01:40:42,,,,
esm-t33-gearnet,1,0.6588,0.6885,0.6217,0.7287,0.9247,0.5926,-3.0,31.0,400.0,75.0,20,2024-09-13 01:54:47,,,,
esm-t33-gearnet,1,0.6763,0.6929,0.5772,0.8207,0.9237,0.5913,0.1,31.0,500.0,25.0,21,2024-09-13 02:08:21,,,,
esm-t33-gearnet,1,0.669,0.6822,0.5786,0.8025,0.9231,0.5861,-0.4,31.0,500.0,50.0,22,2024-09-13 02:21:59,,,,
esm-t33-gearnet,1,0.6689,0.6922,0.635,0.7341,0.9222,0.596,-3.0,31.0,500.0,75.0,23,2024-09-13 02:35:50,,,,
esm-t33-gearnet,1,0.6819,0.6987,0.6039,0.798,0.9254,0.5894,-0.1,31.0,600.0,25.0,24,2024-09-13 02:50:14,,,,
esm-t33-gearnet,1,0.662,0.6785,0.6024,0.7575,0.9117,0.5989,-2.4,31.0,600.0,50.0,25,2024-09-13 03:04:47,,,,
esm-t33-gearnet,1,0.6662,0.6692,0.6083,0.7593,0.9118,0.6028,-1.6,31.0,600.0,75.0,26,2024-09-13 03:19:15,,,,
esm-t33-gearnet,2,0.6717,0.6639,0.6113,0.7672,0.9039,0.6046,-3.0,29.0,400.0,25.0,0,2024-09-13 03:33:23,,,,
esm-t33-gearnet,2,0.6742,0.6849,0.6335,0.7465,0.9146,0.618,-1.8,29.0,400.0,50.0,1,2024-09-13 03:47:48,,,,
esm-t33-gearnet,2,0.6843,0.6953,0.635,0.7657,0.9264,0.612,-1.5,29.0,400.0,75.0,2,2024-09-13 04:02:10,,,,
esm-t33-gearnet,2,0.6871,0.705,0.6558,0.7479,0.929,0.6197,-2.8,29.0,500.0,25.0,3,2024-09-13 04:15:58,,,,
esm-t33-gearnet,2,0.6713,0.6834,0.6202,0.7559,0.9201,0.6112,-2.6,29.0,500.0,50.0,4,2024-09-13 04:29:58,,,,
esm-t33-gearnet,2,0.6742,0.6845,0.6157,0.7671,0.9115,0.6248,-1.9,29.0,500.0,75.0,5,2024-09-13 04:43:58,,,,
esm-t33-gearnet,2,0.6872,0.6827,0.6439,0.7614,0.9159,0.6136,-1.5,29.0,600.0,25.0,6,2024-09-13 04:58:19,,,,
esm-t33-gearnet,2,0.6826,0.6852,0.6335,0.7639,0.919,0.6329,-2.5,29.0,600.0,50.0,7,2024-09-13 05:13:00,,,,
esm-t33-gearnet,2,0.6871,0.7062,0.6142,0.7962,0.9323,0.6204,-3.0,29.0,600.0,75.0,8,2024-09-13 05:27:35,,,,
esm-t33-gearnet,2,0.6864,0.6957,0.635,0.7698,0.9253,0.6098,-0.6,30.0,400.0,25.0,9,2024-09-13 05:41:23,,,,
esm-t33-gearnet,2,0.6847,0.6812,0.6068,0.8004,0.9099,0.6104,-2.3,30.0,400.0,50.0,10,2024-09-13 05:55:31,,,,
esm-t33-gearnet,2,0.6765,0.6956,0.6142,0.7738,0.9246,0.6152,-2.0,30.0,400.0,75.0,11,2024-09-13 06:09:55,,,,
esm-t33-gearnet,2,0.6865,0.6898,0.6513,0.7517,0.9173,0.6205,-2.8,30.0,500.0,25.0,12,2024-09-13 06:23:45,,,,
esm-t33-gearnet,2,0.6776,0.6916,0.6128,0.7778,0.9247,0.6092,-2.1,30.0,500.0,50.0,13,2024-09-13 06:37:48,,,,
esm-t33-gearnet,2,0.6683,0.6822,0.6113,0.7601,0.9067,0.6002,-2.9,30.0,500.0,75.0,14,2024-09-13 06:51:52,,,,
esm-t33-gearnet,2,0.6652,0.6832,0.6217,0.7416,0.9233,0.6312,-1.1,30.0,600.0,25.0,15,2024-09-13 07:06:15,,,,
esm-t33-gearnet,2,0.6821,0.6836,0.6172,0.782,0.9377,0.6266,-1.6,30.0,600.0,50.0,16,2024-09-13 07:20:58,,,,
esm-t33-gearnet,2,0.6752,0.6838,0.6142,0.7709,0.9149,0.6044,-2.1,30.0,600.0,75.0,17,2024-09-13 07:35:39,,,,
esm-t33-gearnet,2,0.6829,0.6869,0.632,0.7662,0.9191,0.618,-3.0,31.0,400.0,25.0,18,2024-09-13 07:49:14,,,,
esm-t33-gearnet,2,0.6666,0.687,0.6335,0.7312,0.9258,0.6067,-2.9,31.0,400.0,50.0,19,2024-09-13 08:02:58,,,,
esm-t33-gearnet,2,0.6678,0.6984,0.6291,0.7387,0.9264,0.6125,-2.5,31.0,400.0,75.0,20,2024-09-13 08:17:22,,,,
esm-t33-gearnet,2,0.6678,0.6988,0.6039,0.7679,0.9173,0.6116,-0.8,31.0,500.0,25.0,21,2024-09-13 08:30:48,,,,
esm-t33-gearnet,2,0.6814,0.6902,0.6365,0.758,0.9238,0.6159,-3.0,31.0,500.0,50.0,22,2024-09-13 08:44:22,,,,
esm-t33-gearnet,2,0.6729,0.6874,0.6187,0.7609,0.9297,0.6097,-3.0,31.0,500.0,75.0,23,2024-09-13 08:58:09,,,,
esm-t33-gearnet,2,0.6724,0.6888,0.6409,0.7347,0.9191,0.6325,-3.0,31.0,600.0,25.0,24,2024-09-13 09:12:31,,,,
esm-t33-gearnet,2,0.6619,0.6676,0.6098,0.7486,0.9164,0.6191,-3.0,31.0,600.0,50.0,25,2024-09-13 09:26:48,,,,
esm-t33-gearnet,2,0.671,0.6766,0.6083,0.7692,0.9165,0.6065,-2.6,31.0,600.0,75.0,26,2024-09-13 09:41:08,,,,
esm-t33-gearnet,3,0.6639,0.6635,0.635,0.7242,0.9252,0.677,-2.8,29.0,400.0,25.0,0,2024-09-13 09:55:20,,,,
esm-t33-gearnet,3,0.6634,0.6768,0.6053,0.757,0.9171,0.674,-0.6,29.0,400.0,50.0,1,2024-09-13 10:09:39,,,,
esm-t33-gearnet,3,0.6767,0.6787,0.6335,0.7518,0.925,0.6853,-2.2,29.0,400.0,75.0,2,2024-09-13 10:24:07,,,,
esm-t33-gearnet,3,0.6749,0.693,0.6454,0.7348,0.9228,0.6837,-3.0,29.0,500.0,25.0,3,2024-09-13 10:37:51,,,,
esm-t33-gearnet,3,0.6723,0.6691,0.6053,0.7757,0.9159,0.6838,-1.9,29.0,500.0,50.0,4,2024-09-13 10:51:58,,,,
esm-t33-gearnet,3,0.6777,0.6986,0.6395,0.747,0.9307,0.6891,-1.7,29.0,500.0,75.0,5,2024-09-13 11:06:11,,,,
esm-t33-gearnet,3,0.6807,0.6897,0.595,0.8068,0.9266,0.6941,0.8,29.0,600.0,25.0,6,2024-09-13 11:21:45,,,,
esm-t33-gearnet,3,0.663,0.6882,0.6113,0.7491,0.9242,0.684,-1.6,29.0,600.0,50.0,7,2024-09-13 11:36:20,,,,
esm-t33-gearnet,3,0.6835,0.688,0.6261,0.7743,0.9242,0.6899,-1.5,29.0,600.0,75.0,8,2024-09-13 11:50:53,,,,
esm-t33-gearnet,3,0.6605,0.6798,0.6231,0.7304,0.9289,0.6738,-1.8,30.0,400.0,25.0,9,2024-09-13 12:04:41,,,,
esm-t33-gearnet,3,0.68,0.6866,0.6142,0.7811,0.9247,0.6792,-1.5,30.0,400.0,50.0,10,2024-09-13 12:18:48,,,,
esm-t33-gearnet,3,0.6675,0.6746,0.6157,0.7532,0.9247,0.6883,-1.8,30.0,400.0,75.0,11,2024-09-13 12:33:13,,,,
esm-t33-gearnet,3,0.6685,0.6715,0.6172,0.7536,0.9174,0.6929,-2.2,30.0,500.0,25.0,12,2024-09-13 12:46:55,,,,
esm-t33-gearnet,3,0.6852,0.6939,0.6217,0.7832,0.9329,0.6897,-0.5,30.0,500.0,50.0,13,2024-09-13 13:00:39,,,,
esm-t33-gearnet,3,0.6728,0.6688,0.6261,0.7522,0.9252,0.6983,-0.9,30.0,500.0,75.0,14,2024-09-13 13:14:42,,,,
esm-t33-gearnet,3,0.6516,0.6809,0.6053,0.7325,0.9179,0.6969,-1.9,30.0,600.0,25.0,15,2024-09-13 13:28:58,,,,
esm-t33-gearnet,3,0.6752,0.6788,0.5964,0.7929,0.9213,0.6794,-0.4,30.0,600.0,50.0,16,2024-09-13 13:43:25,,,,
esm-t33-gearnet,3,0.6472,0.6723,0.6217,0.7054,0.9276,0.6986,-1.9,30.0,600.0,75.0,17,2024-09-13 13:58:08,,,,
esm-t33-gearnet,3,0.6683,0.6835,0.6187,0.7514,0.9305,0.6739,-2.9,31.0,400.0,25.0,18,2024-09-13 14:14:00,,,,
esm-t33-gearnet,3,0.6671,0.6833,0.5801,0.7963,0.9271,0.6677,0.0,31.0,400.0,50.0,19,2024-09-13 14:28:11,,,,
esm-t33-gearnet,3,0.6623,0.6746,0.6009,0.7598,0.9266,0.6766,-0.7,31.0,400.0,75.0,20,2024-09-13 14:43:54,,,,
esm-t33-gearnet,3,0.6691,0.6905,0.6009,0.7744,0.9291,0.6874,-0.2,31.0,500.0,25.0,21,2024-09-13 14:58:34,,,,
esm-t33-gearnet,3,0.6717,0.6928,0.6217,0.755,0.9307,0.6832,-1.9,31.0,500.0,50.0,22,2024-09-13 15:13:31,,,,
esm-t33-gearnet,3,0.6657,0.6701,0.6306,0.7328,0.9235,0.6906,-1.6,31.0,500.0,75.0,23,2024-09-13 15:27:24,,,,
esm-t33-gearnet,3,0.6672,0.6726,0.6172,0.7509,0.926,0.6877,-1.6,31.0,600.0,25.0,24,2024-09-13 15:43:04,,,,
esm-t33-gearnet,3,0.6524,0.6805,0.5964,0.7444,0.9238,0.6819,-1.7,31.0,600.0,50.0,25,2024-09-13 15:57:29,,,,
esm-t33-gearnet,3,0.6483,0.6673,0.5682,0.7706,0.9235,0.68,-1.3,31.0,600.0,75.0,26,2024-09-13 16:11:30,,,,
esm-t33-gearnet,4,0.654,0.6868,0.6157,0.7255,0.9258,0.6511,-0.9,29.0,400.0,25.0,0,2024-09-13 16:25:30,,,,
esm-t33-gearnet,4,0.6573,0.6694,0.6024,0.7477,0.9242,0.6578,-0.7,29.0,400.0,50.0,1,2024-09-13 16:39:34,,,,
esm-t33-gearnet,4,0.674,0.6931,0.6231,0.7581,0.93,0.6532,-2.1,29.0,400.0,75.0,2,2024-09-13 16:54:06,,,,
esm-t33-gearnet,4,0.6619,0.6781,0.6484,0.706,0.9254,0.674,-2.1,29.0,500.0,25.0,3,2024-09-13 17:07:46,,,,
esm-t33-gearnet,4,0.6753,0.674,0.6202,0.7642,0.915,0.6481,-3.0,29.0,500.0,50.0,4,2024-09-13 17:21:39,,,,
esm-t33-gearnet,4,0.6519,0.6566,0.5623,0.7863,0.9028,0.6443,-1.6,29.0,500.0,75.0,5,2024-09-13 17:35:58,,,,
esm-t33-gearnet,4,0.6454,0.6659,0.595,0.7318,0.9184,0.6507,-2.3,29.0,600.0,25.0,6,2024-09-13 17:50:12,,,,
esm-t33-gearnet,4,0.667,0.6936,0.6261,0.7404,0.9169,0.6695,-2.7,29.0,600.0,50.0,7,2024-09-13 18:04:37,,,,
esm-t33-gearnet,4,0.6836,0.681,0.6291,0.7709,0.9253,0.6594,-0.9,29.0,600.0,75.0,8,2024-09-13 18:19:26,,,,
esm-t33-gearnet,4,0.6712,0.6846,0.6039,0.7752,0.9222,0.6577,-1.3,30.0,400.0,25.0,9,2024-09-13 18:33:15,,,,
esm-t33-gearnet,4,0.6725,0.6827,0.632,0.7448,0.9233,0.6638,-2.5,30.0,400.0,50.0,10,2024-09-13 18:47:09,,,,
esm-t33-gearnet,4,0.656,0.68,0.595,0.7538,0.9273,0.6582,-1.5,30.0,400.0,75.0,11,2024-09-13 19:01:31,,,,
esm-t33-gearnet,4,0.6481,0.6824,0.6128,0.717,0.9254,0.6546,-2.9,30.0,500.0,25.0,12,2024-09-13 19:15:15,,,,
esm-t33-gearnet,4,0.6799,0.6828,0.6306,0.7616,0.9182,0.6511,-2.7,30.0,500.0,50.0,13,2024-09-13 19:28:57,,,,
esm-t33-gearnet,4,0.6582,0.6729,0.6217,0.7274,0.924,0.6645,-2.5,30.0,500.0,75.0,14,2024-09-13 19:42:49,,,,
esm-t33-gearnet,4,0.674,0.6822,0.6306,0.7496,0.9122,0.6564,-2.8,30.0,600.0,25.0,15,2024-09-13 19:57:05,,,,
esm-t33-gearnet,4,0.6697,0.6693,0.6142,0.7596,0.9126,0.6619,-1.4,30.0,600.0,50.0,16,2024-09-13 20:11:19,,,,
esm-t33-gearnet,4,0.6582,0.6531,0.6128,0.7375,0.9044,0.6493,-2.7,30.0,600.0,75.0,17,2024-09-13 20:25:36,,,,
esm-t33-gearnet,4,0.6624,0.6854,0.6276,0.7293,0.9254,0.6409,-3.0,31.0,400.0,25.0,18,2024-09-13 20:39:19,,,,
esm-t33-gearnet,4,0.67,0.6764,0.6276,0.7447,0.9232,0.6526,-2.3,31.0,400.0,50.0,19,2024-09-13 20:53:19,,,,
esm-t33-gearnet,4,0.6562,0.678,0.6009,0.7472,0.9125,0.6455,-2.8,31.0,400.0,75.0,20,2024-09-13 21:07:18,,,,
esm-t33-gearnet,4,0.6516,0.6597,0.5757,0.7683,0.9047,0.6399,-2.5,31.0,500.0,25.0,21,2024-09-13 21:20:34,,,,
esm-t33-gearnet,4,0.6698,0.6834,0.6246,0.7478,0.9281,0.6549,-2.1,31.0,500.0,50.0,22,2024-09-13 21:34:07,,,,
esm-t33-gearnet,4,0.6413,0.6687,0.5682,0.7554,0.9335,0.6585,-1.4,31.0,500.0,75.0,23,2024-09-13 21:47:58,,,,
esm-t33-gearnet,4,0.6667,0.681,0.5846,0.7896,0.9265,0.6537,-1.4,31.0,600.0,25.0,24,2024-09-13 22:02:07,,,,
esm-t33-gearnet,4,0.6656,0.6825,0.592,0.7778,0.9196,0.6451,-1.4,31.0,600.0,50.0,25,2024-09-13 22:16:13,,,,
esm-t33-gearnet,4,0.6654,0.689,0.6128,0.7523,0.9208,0.6395,-1.7,31.0,600.0,75.0,26,2024-09-13 22:30:35,,,,
esm-t33-gearnet,0,0.6412,0.6511,0.5846,0.7351,0.9148,0.6925,-1.1,28.0,300.0,25.0,0,2024-09-14 00:20:03,,,,
esm-t33-gearnet,0,0.6498,0.6709,0.632,0.6995,0.9105,0.7001,-1.8,28.0,300.0,50.0,1,2024-09-14 00:38:54,,,,
esm-t33-gearnet,0,0.6624,0.6759,0.6187,0.7394,0.9154,0.6943,-2.0,28.0,300.0,75.0,2,2024-09-14 00:58:45,,,,
esm-t33-gearnet,0,0.6483,0.6687,0.5653,0.7744,0.9238,0.6908,0.2,28.0,300.0,100.0,3,2024-09-14 01:19:21,,,,
esm-t33-gearnet,0,0.6679,0.6677,0.6098,0.7611,0.9142,0.6947,-1.9,28.0,400.0,25.0,4,2024-09-14 01:36:45,,,,
esm-t33-gearnet,0,0.6614,0.6721,0.6053,0.7528,0.9218,0.6793,-0.7,28.0,400.0,50.0,5,2024-09-14 01:54:29,,,,
esm-t33-gearnet,0,0.6582,0.6724,0.6217,0.7274,0.9106,0.6878,-2.5,28.0,400.0,75.0,6,2024-09-14 02:09:28,,,,
esm-t33-gearnet,0,0.6439,0.6806,0.592,0.7321,0.9255,0.6849,-1.3,28.0,400.0,100.0,7,2024-09-14 02:23:35,,,,
esm-t33-gearnet,0,0.6737,0.6672,0.6053,0.7786,0.9059,0.701,-0.2,28.0,500.0,25.0,8,2024-09-14 02:36:55,,,,
esm-t33-gearnet,0,0.6672,0.6784,0.6172,0.7509,0.9205,0.6972,-1.4,28.0,500.0,50.0,9,2024-09-14 02:50:22,,,,
esm-t33-gearnet,0,0.6559,0.6689,0.5786,0.7738,0.912,0.6826,-2.6,28.0,500.0,75.0,10,2024-09-14 03:04:06,,,,
esm-t33-gearnet,0,0.662,0.6758,0.6306,0.7253,0.9137,0.6931,-2.8,28.0,500.0,100.0,11,2024-09-14 03:17:58,,,,
esm-t33-gearnet,0,0.6471,0.6706,0.5846,0.7476,0.9021,0.6851,-1.3,28.0,600.0,25.0,12,2024-09-14 03:31:17,,,,
esm-t33-gearnet,0,0.673,0.6848,0.6409,0.7359,0.9196,0.6965,-2.2,28.0,600.0,50.0,13,2024-09-14 03:44:40,,,,
esm-t33-gearnet,0,0.6647,0.6693,0.6024,0.7632,0.9077,0.6783,-2.2,28.0,600.0,75.0,14,2024-09-14 03:58:10,,,,
esm-t33-gearnet,0,0.6548,0.6587,0.6053,0.7391,0.9024,0.6884,-2.7,28.0,600.0,100.0,15,2024-09-14 04:11:45,,,,
esm-t33-gearnet,0,0.6473,0.6769,0.5801,0.7534,0.914,0.6846,-2.0,28.0,700.0,25.0,16,2024-09-14 04:25:20,,,,
esm-t33-gearnet,0,0.6398,0.6525,0.5846,0.7323,0.8993,0.6831,-2.5,28.0,700.0,50.0,17,2024-09-14 04:38:58,,,,
esm-t33-gearnet,0,0.6555,0.6531,0.5742,0.7787,0.8996,0.68,-1.5,28.0,700.0,75.0,18,2024-09-14 04:52:29,,,,
esm-t33-gearnet,0,0.6674,0.671,0.5846,0.7912,0.9047,0.6938,0.1,28.0,700.0,100.0,19,2024-09-14 05:06:10,,,,
esm-t33-gearnet,0,0.6391,0.6426,0.5653,0.7545,0.9122,0.6872,-2.3,29.0,300.0,25.0,20,2024-09-14 05:17:25,,,,
esm-t33-gearnet,0,0.6444,0.6677,0.5772,0.751,0.9144,0.6847,-0.7,29.0,300.0,50.0,21,2024-09-14 05:29:05,,,,
esm-t33-gearnet,0,0.6551,0.6698,0.6039,0.7413,0.9098,0.6888,-1.7,29.0,300.0,75.0,22,2024-09-14 05:41:20,,,,
esm-t33-gearnet,0,0.6531,0.6649,0.6083,0.7321,0.914,0.7013,-3.0,29.0,300.0,100.0,23,2024-09-14 05:54:13,,,,
esm-t33-gearnet,0,0.656,0.6712,0.6024,0.745,0.9176,0.6835,-1.5,29.0,400.0,100.0,27,2024-09-14 06:05:59,,,,
esm-t33-gearnet,0,0.6641,0.6711,0.6335,0.7262,0.917,0.6824,-1.9,29.0,500.0,100.0,31,2024-09-14 06:17:37,,,,
esm-t33-gearnet,0,0.667,0.6938,0.5979,0.7735,0.9135,0.6861,-2.3,29.0,600.0,100.0,35,2024-09-14 06:29:05,,,,
esm-t33-gearnet,0,0.6577,0.6766,0.6306,0.7167,0.9272,0.696,-1.9,29.0,700.0,25.0,36,2024-09-14 06:40:27,,,,
esm-t33-gearnet,0,0.6653,0.6746,0.5994,0.7681,0.9025,0.6794,-3.0,29.0,700.0,50.0,37,2024-09-14 06:51:53,,,,
esm-t33-gearnet,0,0.6623,0.6593,0.5875,0.7765,0.8944,0.6853,-0.4,29.0,700.0,75.0,38,2024-09-14 07:03:21,,,,
esm-t33-gearnet,0,0.6448,0.6443,0.595,0.7304,0.8983,0.6892,-3.0,29.0,700.0,100.0,39,2024-09-14 07:14:54,,,,
esm-t33-gearnet,0,0.6408,0.653,0.5712,0.7505,0.9035,0.6827,-2.7,30.0,300.0,25.0,40,2024-09-14 07:26:01,,,,
esm-t33-gearnet,0,0.6501,0.662,0.5831,0.7558,0.9084,0.6864,-2.4,30.0,300.0,50.0,41,2024-09-14 07:37:34,,,,
esm-t33-gearnet,0,0.6561,0.6635,0.5875,0.763,0.9077,0.6859,-2.5,30.0,300.0,75.0,42,2024-09-14 07:49:39,,,,
esm-t33-gearnet,0,0.6557,0.6677,0.5964,0.7514,0.9087,0.6852,-2.8,30.0,300.0,100.0,43,2024-09-14 08:02:22,,,,
esm-t33-gearnet,0,0.6588,0.6824,0.6053,0.7473,0.9221,0.6774,-0.9,30.0,400.0,100.0,47,2024-09-14 08:13:58,,,,
esm-t33-gearnet,0,0.6444,0.6636,0.6276,0.6934,0.9193,0.6883,-2.4,30.0,500.0,100.0,51,2024-09-14 08:25:23,,,,
esm-t33-gearnet,0,0.6568,0.6685,0.5905,0.761,0.899,0.674,-2.2,30.0,600.0,100.0,55,2024-09-14 08:36:45,,,,
esm-t33-gearnet,0,0.6419,0.6537,0.5979,0.7209,0.904,0.6786,-2.6,30.0,700.0,25.0,56,2024-09-14 08:47:57,,,,
esm-t33-gearnet,0,0.6401,0.6593,0.592,0.7241,0.907,0.6809,-2.0,30.0,700.0,50.0,57,2024-09-14 08:59:14,,,,
esm-t33-gearnet,0,0.6614,0.6676,0.6053,0.7528,0.9195,0.6916,-2.0,30.0,700.0,75.0,58,2024-09-14 09:10:36,,,,
esm-t33-gearnet,0,0.6556,0.6691,0.5831,0.7676,0.9174,0.6768,-0.2,30.0,700.0,100.0,59,2024-09-14 09:22:02,,,,
esm-t33-gearnet,0,0.6502,0.6404,0.5935,0.7435,0.8926,0.6812,-2.5,31.0,300.0,25.0,60,2024-09-14 09:32:58,,,,
esm-t33-gearnet,0,0.6435,0.6483,0.5905,0.733,0.9128,0.6778,-3.0,31.0,300.0,50.0,61,2024-09-14 09:44:15,,,,
esm-t33-gearnet,0,0.6372,0.6554,0.5682,0.7466,0.9053,0.6699,-3.0,31.0,300.0,75.0,62,2024-09-14 09:56:07,,,,
esm-t33-gearnet,0,0.6422,0.6589,0.5608,0.7667,0.9046,0.6921,-2.4,31.0,300.0,100.0,63,2024-09-14 10:08:38,,,,
esm-t33-gearnet,0,0.6491,0.6592,0.5964,0.7376,0.9215,0.6644,-3.0,31.0,400.0,100.0,67,2024-09-14 10:20:04,,,,
esm-t33-gearnet,0,0.6435,0.6611,0.5549,0.7775,0.911,0.6726,-1.4,31.0,500.0,100.0,71,2024-09-14 10:31:18,,,,
esm-t33-gearnet,0,0.6595,0.6578,0.6128,0.7401,0.9019,0.6676,-2.7,31.0,600.0,100.0,75,2024-09-14 10:42:32,,,,
esm-t33-gearnet,0,0.6493,0.6723,0.6187,0.7128,0.9245,0.6813,-3.0,31.0,700.0,25.0,76,2024-09-14 10:53:37,,,,
esm-t33-gearnet,0,0.6368,0.6785,0.5593,0.757,0.9307,0.6918,-2.0,31.0,700.0,50.0,77,2024-09-14 11:04:46,,,,
esm-t33-gearnet,0,0.6394,0.66,0.5979,0.7158,0.9161,0.6837,-2.5,31.0,700.0,75.0,78,2024-09-14 11:15:59,,,,
esm-t33-gearnet,0,0.657,0.6518,0.5964,0.7542,0.9087,0.6689,-2.8,31.0,700.0,100.0,79,2024-09-14 11:27:18,,,,
esm-t33-gearnet,0,0.6279,0.6384,0.5445,0.7567,0.9073,0.6444,-1.7,32.0,300.0,25.0,80,2024-09-14 11:38:06,,,,
esm-t33-gearnet,0,0.6281,0.634,0.5712,0.7237,0.9046,0.6617,-3.0,32.0,300.0,50.0,81,2024-09-14 11:49:19,,,,
esm-t33-gearnet,0,0.6444,0.6501,0.5772,0.751,0.9095,0.6535,-2.9,32.0,300.0,75.0,82,2024-09-14 12:01:04,,,,
esm-t33-gearnet,0,0.627,0.631,0.5386,0.7626,0.8955,0.6554,-2.2,32.0,300.0,100.0,83,2024-09-14 12:13:26,,,,
esm-t33-gearnet,0,0.6439,0.6448,0.5534,0.7803,0.8984,0.6583,-2.9,32.0,400.0,25.0,84,2024-09-14 12:24:00,,,,
esm-t33-gearnet,0,0.6008,0.6271,0.5564,0.6843,0.9068,0.6436,-3.0,32.0,400.0,50.0,85,2024-09-14 12:34:45,,,,
esm-t33-gearnet,0,0.6346,0.6551,0.5638,0.7466,0.9105,0.645,-2.2,32.0,400.0,75.0,86,2024-09-14 12:45:41,,,,
esm-t33-gearnet,0,0.623,0.6481,0.5712,0.713,0.918,0.6375,-3.0,32.0,400.0,100.0,87,2024-09-14 12:56:54,,,,
esm-t33-gearnet,0,0.6442,0.6602,0.595,0.7291,0.915,0.6582,-2.3,32.0,500.0,25.0,88,2024-09-14 13:07:30,,,,
esm-t33-gearnet,0,0.6383,0.6557,0.5697,0.7471,0.9163,0.6588,-2.5,32.0,500.0,50.0,89,2024-09-14 13:18:19,,,,
esm-t33-gearnet,0,0.6433,0.6504,0.5875,0.7361,0.9043,0.6461,-2.2,32.0,500.0,75.0,90,2024-09-14 13:29:21,,,,
esm-t33-gearnet,0,0.636,0.6582,0.5712,0.7404,0.914,0.6614,-2.5,32.0,500.0,100.0,91,2024-09-14 13:40:23,,,,
esm-t33-gearnet,0,0.6158,0.6335,0.5564,0.7156,0.9063,0.6644,-3.0,32.0,600.0,25.0,92,2024-09-14 13:51:07,,,,
esm-t33-gearnet,0,0.6355,0.6367,0.5371,0.7835,0.8988,0.65,-1.0,32.0,600.0,50.0,93,2024-09-14 14:01:58,,,,
esm-t33-gearnet,0,0.6419,0.654,0.5801,0.7419,0.9094,0.643,-2.6,32.0,600.0,75.0,94,2024-09-14 14:12:55,,,,
esm-t33-gearnet,0,0.6222,0.6481,0.5341,0.7579,0.9159,0.6495,-2.2,32.0,600.0,100.0,95,2024-09-14 14:23:59,,,,
esm-t33-gearnet,0,0.6201,0.6466,0.5638,0.7156,0.9097,0.6578,-1.0,32.0,700.0,25.0,96,2024-09-14 14:34:51,,,,
esm-t33-gearnet,0,0.6316,0.6512,0.5504,0.7571,0.9146,0.6572,-2.1,32.0,700.0,50.0,97,2024-09-14 14:45:49,,,,
esm-t33-gearnet,0,0.634,0.6488,0.5757,0.7307,0.9094,0.6554,-3.0,32.0,700.0,75.0,98,2024-09-14 14:56:58,,,,
esm-t33-gearnet,0,0.6217,0.6467,0.5846,0.6949,0.9068,0.6495,-2.5,32.0,700.0,100.0,99,2024-09-14 15:08:09,,,,
esm-t33-gearnet,1,0.6683,0.6637,0.6113,0.7601,0.9053,0.5935,-2.2,28.0,300.0,25.0,0,2024-09-14 15:19:42,,,,
esm-t33-gearnet,1,0.668,0.6647,0.5935,0.7812,0.9067,0.5646,-0.5,28.0,300.0,50.0,1,2024-09-14 15:31:38,,,,
esm-t33-gearnet,1,0.6727,0.6791,0.6306,0.7469,0.9111,0.5999,-2.7,28.0,300.0,75.0,2,2024-09-14 15:44:06,,,,
esm-t33-gearnet,1,0.6697,0.6859,0.638,0.7325,0.9176,0.5974,-2.2,28.0,300.0,100.0,3,2024-09-14 15:57:11,,,,
esm-t33-gearnet,1,0.6728,0.6985,0.6261,0.7522,0.9306,0.5975,-2.7,28.0,400.0,25.0,4,2024-09-14 16:08:25,,,,
esm-t33-gearnet,1,0.6598,0.6843,0.6706,0.6797,0.9289,0.5982,-1.6,28.0,400.0,50.0,5,2024-09-14 16:19:46,,,,
esm-t33-gearnet,1,0.6656,0.6812,0.6113,0.7546,0.9258,0.6029,-1.6,28.0,400.0,75.0,6,2024-09-14 16:31:24,,,,
esm-t33-gearnet,1,0.6559,0.665,0.6157,0.7293,0.9105,0.5892,-2.0,28.0,400.0,100.0,7,2024-09-14 16:43:26,,,,
esm-t33-gearnet,1,0.6763,0.6996,0.595,0.7972,0.9305,0.6027,0.7,28.0,500.0,25.0,8,2024-09-14 16:54:54,,,,
esm-t33-gearnet,1,0.6793,0.6824,0.6454,0.7436,0.9164,0.6076,-3.0,28.0,500.0,50.0,9,2024-09-14 17:06:22,,,,
esm-t33-gearnet,1,0.687,0.6959,0.635,0.7712,0.9262,0.6024,-2.2,28.0,500.0,75.0,10,2024-09-14 17:18:01,,,,
esm-t33-gearnet,1,0.6839,0.6891,0.6098,0.795,0.9185,0.5888,-1.9,32.0,500.0,50.0,4,2024-09-14 18:20:37,,,,
esm-t33-gearnet,2,0.6997,0.7078,0.6424,0.7887,0.9163,0.612,-2.3,28.0,500.0,50.0,0,2024-09-14 18:31:54,,,,
esm-t33-gearnet,2,0.6462,0.6671,0.5682,0.766,0.9173,0.6056,-1.4,32.0,500.0,50.0,4,2024-09-14 18:42:27,,,,
esm-t33-gearnet,3,0.6822,0.6935,0.6083,0.793,0.9341,0.6837,0.2,28.0,500.0,50.0,0,2024-09-14 18:53:47,,,,
esm-t33-gearnet,3,0.6547,0.68,0.6024,0.7422,0.9233,0.6691,-0.9,32.0,500.0,50.0,4,2024-09-14 19:04:23,,,,
esm-t33-gearnet,4,0.6556,0.6913,0.5831,0.7676,0.9335,0.648,0.2,28.0,500.0,50.0,0,2024-09-14 19:15:46,,,,
esm-t33-gearnet,4,0.6354,0.6575,0.5401,0.7794,0.9153,0.6402,0.1,32.0,500.0,50.0,4,2024-09-14 19:26:26,,,,
esm-t33-gearnet,0,0.647,0.6696,0.6024,0.7263,0.9087,0.6801,-3.0,27.0,400.0,50.0,0,2024-09-15 02:43:34,,,,
esm-t33-gearnet,0,0.6463,0.6659,0.5979,0.7301,0.9057,0.6915,-2.9,27.0,500.0,50.0,1,2024-09-15 02:57:03,,,,
esm-t33-gearnet,0,0.6732,0.6831,0.6395,0.738,0.9186,0.6981,-2.7,27.0,600.0,50.0,2,2024-09-15 03:10:23,,,,
esm-t33-gearnet,0,0.5895,0.6168,0.5801,0.6358,0.9267,0.5971,-2.7,33.0,400.0,50.0,18,2024-09-15 03:20:58,,,,
esm-t33-gearnet,0,0.6026,0.6349,0.5668,0.6761,0.9269,0.6058,-0.3,33.0,500.0,50.0,19,2024-09-15 03:31:38,,,,
esm-t33-gearnet,0,0.554,0.5952,0.5786,0.5702,0.9237,0.6186,-2.4,33.0,600.0,50.0,20,2024-09-15 03:42:27,,,,
esm-t33-gearnet,1,0.6724,0.6926,0.6454,0.7299,0.9298,0.6081,-1.4,27.0,400.0,50.0,0,2024-09-15 03:54:09,,,,
esm-t33-gearnet,1,0.683,0.7023,0.635,0.7629,0.9261,0.5975,-0.3,27.0,500.0,50.0,1,2024-09-15 10:35:29,,,,
esm-t33-gearnet,1,0.6729,0.7015,0.6187,0.7609,0.9108,0.606,-2.9,27.0,600.0,50.0,2,2024-09-15 10:48:46,,,,
esm-t33-gearnet,1,0.6794,0.6981,0.6024,0.7945,0.9131,0.5893,-0.2,28.0,600.0,50.0,5,2024-09-15 11:00:17,,,,
esm-t33-gearnet,1,0.6414,0.6474,0.592,0.7268,0.919,0.5754,-3.0,32.0,400.0,50.0,15,2024-09-15 11:12:49,,,,
esm-t33-gearnet,1,0.6633,0.6909,0.6098,0.7514,0.9224,0.5887,-2.5,32.0,600.0,50.0,17,2024-09-15 11:23:45,,,,
esm-t33-gearnet,1,0.6156,0.6454,0.5178,0.7654,0.9317,0.5588,-0.1,33.0,400.0,50.0,18,2024-09-15 11:34:17,,,,
esm-t33-gearnet,1,0.6142,0.6649,0.5282,0.7479,0.933,0.5578,-1.8,33.0,500.0,50.0,19,2024-09-15 11:44:54,,,,
esm-t33-gearnet,1,0.6394,0.6646,0.5875,0.7279,0.932,0.5642,-1.6,33.0,600.0,50.0,20,2024-09-15 11:55:40,,,,
esm-t33-gearnet,2,0.6909,0.6957,0.6454,0.7672,0.9116,0.6194,-1.0,27.0,400.0,50.0,0,2024-09-15 12:07:22,,,,
esm-t33-gearnet,2,0.6774,0.7068,0.6454,0.7398,0.9271,0.6097,-3.0,27.0,500.0,50.0,1,2024-09-15 12:19:09,,,,
esm-t33-gearnet,2,0.6911,0.6966,0.6409,0.7728,0.9198,0.6218,-1.8,27.0,600.0,50.0,2,2024-09-15 12:30:45,,,,
esm-t33-gearnet,2,0.6646,0.6837,0.6172,0.7455,0.9173,0.6206,-1.7,28.0,400.0,50.0,3,2024-09-15 12:42:17,,,,
esm-t33-gearnet,2,0.6914,0.7141,0.6335,0.7821,0.9245,0.6358,-1.0,28.0,600.0,50.0,5,2024-09-15 12:53:43,,,,
esm-t33-gearnet,2,0.6656,0.6751,0.5979,0.7706,0.9231,0.6025,-1.7,32.0,400.0,50.0,15,2024-09-15 13:04:30,,,,
esm-t33-gearnet,2,0.6537,0.6762,0.5697,0.7805,0.9278,0.6182,-1.0,32.0,600.0,50.0,17,2024-09-15 13:15:23,,,,
esm-t33-gearnet,2,0.5988,0.6307,0.543,0.6958,0.9298,0.5715,0.3,33.0,400.0,50.0,18,2024-09-15 13:25:59,,,,
esm-t33-gearnet,2,0.5907,0.6297,0.5593,0.6602,0.934,0.5444,-1.8,33.0,500.0,50.0,19,2024-09-15 13:36:37,,,,
esm-t33-gearnet,2,0.612,0.6467,0.589,0.6706,0.9369,0.5716,-0.8,33.0,600.0,50.0,20,2024-09-15 13:47:24,,,,
esm-t33-gearnet,3,0.6696,0.6724,0.6187,0.7541,0.9251,0.6707,-0.1,27.0,400.0,50.0,0,2024-09-15 13:59:08,,,,
esm-t33-gearnet,3,0.6747,0.6968,0.6068,0.779,0.9236,0.6973,-0.4,27.0,500.0,50.0,1,2024-09-15 14:10:56,,,,
esm-t33-gearnet,3,0.6818,0.6911,0.5964,0.8072,0.9175,0.6982,-0.1,27.0,600.0,50.0,2,2024-09-15 14:22:36,,,,
esm-t33-gearnet,3,0.6747,0.6846,0.6469,0.7328,0.9246,0.6794,-2.8,28.0,400.0,50.0,3,2024-09-15 14:34:09,,,,
esm-t33-gearnet,3,0.6692,0.6944,0.6469,0.7219,0.9255,0.6861,-2.4,28.0,600.0,50.0,5,2024-09-15 14:45:39,,,,
esm-t33-gearnet,3,0.6602,0.6709,0.5757,0.787,0.9218,0.6626,-1.3,32.0,400.0,50.0,15,2024-09-15 14:56:28,,,,
esm-t33-gearnet,3,0.6369,0.665,0.5623,0.7535,0.9192,0.6833,-1.3,32.0,600.0,50.0,17,2024-09-15 15:07:24,,,,
esm-t33-gearnet,3,0.6024,0.6413,0.5193,0.7338,0.937,0.6249,0.1,33.0,400.0,50.0,18,2024-09-15 15:18:02,,,,
esm-t33-gearnet,3,0.624,0.6664,0.6187,0.663,0.9374,0.644,-2.7,33.0,500.0,50.0,19,2024-09-15 15:28:42,,,,
esm-t33-gearnet,3,0.602,0.6366,0.5564,0.6868,0.9368,0.6503,-0.4,33.0,600.0,50.0,20,2024-09-15 15:39:32,,,,
esm-t33-gearnet,4,0.6516,0.6637,0.5861,0.7553,0.9155,0.6553,-1.6,27.0,400.0,50.0,0,2024-09-15 15:51:16,,,,
esm-t33-gearnet,4,0.6835,0.707,0.6469,0.7504,0.9328,0.6561,-0.7,27.0,500.0,50.0,1,2024-09-15 16:03:11,,,,
esm-t33-gearnet,4,0.6735,0.6741,0.6335,0.7452,0.9059,0.6455,-2.9,27.0,600.0,50.0,2,2024-09-15 16:14:52,,,,
esm-t33-gearnet,4,0.6577,0.6662,0.5831,0.7721,0.8962,0.6581,-2.9,28.0,400.0,50.0,3,2024-09-15 16:26:26,,,,
esm-t33-gearnet,4,0.6875,0.6853,0.6424,0.7637,0.9097,0.6588,-3.0,28.0,600.0,50.0,5,2024-09-15 16:37:56,,,,
esm-t33-gearnet,4,0.6391,0.643,0.5727,0.7452,0.9096,0.6489,-2.3,32.0,400.0,50.0,15,2024-09-15 16:48:43,,,,
esm-t33-gearnet,4,0.6602,0.6746,0.5757,0.787,0.9257,0.6376,-1.8,32.0,600.0,50.0,17,2024-09-15 16:59:40,,,,
esm-t33-gearnet,0,0.6588,0.6592,0.6439,0.7045,0.9339,0.6644,2.2,,,,0,2024-09-21 19:15:32,16.0,,,
esm-t33-gearnet,0,0.6603,0.667,0.6528,0.6984,0.926,0.6863,-2.4,,,,1,2024-09-21 19:27:07,4.0,,,
esm-t33-gearnet,0,0.6644,0.6688,0.6469,0.7124,0.9207,0.6807,-2.2,,,,2,2024-09-21 19:38:40,1.0,,,
esm-t33-gearnet,0,0.6302,0.6558,0.6053,0.6892,0.9111,0.6649,-4.8,,,,3,2024-09-21 19:50:15,0.25,,,
esm-t33-gearnet,1,0.6608,0.6844,0.6409,0.7117,0.9306,0.5824,2.0,,,,0,2024-09-21 20:01:52,16.0,,,
esm-t33-gearnet,1,0.6687,0.6892,0.6365,0.7321,0.9288,0.5982,-0.2,,,,1,2024-09-21 20:13:26,4.0,,,
esm-t33-gearnet,1,0.6707,0.6822,0.6231,0.7513,0.9172,0.6104,-3.4,,,,2,2024-09-21 20:25:00,1.0,,,
esm-t33-gearnet,1,0.6598,0.6683,0.6335,0.7176,0.9194,0.5922,-4.4,,,,3,2024-09-21 20:36:28,0.25,,,
esm-t33-gearnet,2,0.6533,0.6721,0.6217,0.7175,0.9254,0.582,0.6,,,,0,2024-09-21 20:47:46,16.0,,,
esm-t33-gearnet,2,0.6892,0.7035,0.6439,0.7654,0.9291,0.6144,0.2,,,,1,2024-09-21 20:59:17,4.0,,,
esm-t33-gearnet,2,0.6858,0.712,0.6558,0.7454,0.9291,0.6156,-3.4,,,,2,2024-09-21 21:10:49,1.0,,,
esm-t33-gearnet,2,0.6832,0.6902,0.6276,0.7719,0.9181,0.613,-3.6,,,,3,2024-09-21 21:22:01,0.25,,,
esm-t33-gearnet,3,0.6631,0.6725,0.6617,0.6947,0.9443,0.675,0.8,,,,0,2024-09-21 21:33:10,16.0,,,
esm-t33-gearnet,3,0.6701,0.6797,0.6231,0.75,0.9419,0.6648,-0.2,,,,1,2024-09-21 21:43:53,4.0,,,
esm-t33-gearnet,3,0.6713,0.6995,0.6202,0.7559,0.9351,0.6868,-1.8,,,,2,2024-09-21 21:53:54,1.0,,,
esm-t33-gearnet,3,0.668,0.6859,0.5742,0.8062,0.914,0.6747,-2.4,,,,3,2024-09-21 22:04:23,0.25,,,
esm-t33-gearnet,4,0.6554,0.6553,0.6588,0.6831,0.9235,0.6445,0.2,,,,0,2024-09-21 22:14:24,16.0,,,
esm-t33-gearnet,4,0.6693,0.6675,0.6202,0.7518,0.9098,0.6695,0.2,,,,1,2024-09-21 22:24:26,4.0,,,
esm-t33-gearnet,4,0.6533,0.6814,0.595,0.7481,0.9321,0.6609,-0.6,,,,2,2024-09-21 22:34:28,1.0,,,
esm-t33-gearnet,4,0.6704,0.6749,0.6142,0.761,0.9219,0.6503,-3.6,,,,3,2024-09-21 22:44:29,0.25,,,
esm-t33-gearnet,0,0.6738,0.6779,0.6246,0.7558,0.9198,0.6793,-1.0,,,,0,2024-09-22 01:08:41,,focal,2.0,0.25
esm-t33-gearnet,0,0.6542,0.6651,0.6424,0.6973,0.9147,0.6829,-1.6,,,,1,2024-09-22 01:18:43,,focal,2.0,0.2
esm-t33-gearnet,0,0.6549,0.6614,0.6187,0.724,0.9268,0.6754,-0.8,,,,2,2024-09-22 01:28:48,,focal,2.0,0.3
esm-t33-gearnet,0,0.6575,0.6816,0.6276,0.7194,0.9193,0.6773,-2.0,,,,3,2024-09-22 01:38:54,,focal,1.0,0.25
esm-t33-gearnet,0,0.6364,0.6672,0.5727,0.7395,0.9232,0.6783,-0.8,,,,4,2024-09-22 01:48:59,,focal,1.0,0.2
esm-t33-gearnet,0,0.6618,0.6855,0.6187,0.7381,0.9308,0.6788,-2.0,,,,5,2024-09-22 01:59:04,,focal,1.0,0.3
esm-t33-gearnet,0,0.6371,0.6313,0.5861,0.7248,0.9131,0.6632,-0.8,,,,6,2024-09-22 02:09:07,,focal,3.0,0.25
esm-t33-gearnet,0,0.66,0.6826,0.592,0.7658,0.9315,0.6734,-0.2,,,,7,2024-09-22 02:19:11,,focal,3.0,0.2
esm-t33-gearnet,0,0.6595,0.6752,0.6128,0.7401,0.9249,0.6783,-0.6,,,,8,2024-09-22 02:29:16,,focal,3.0,0.3
esm-t33-gearnet,1,0.6821,0.6707,0.6647,0.7285,0.9147,0.6077,-1.2,,,,0,2024-09-22 02:39:22,,focal,2.0,0.25
esm-t33-gearnet,1,0.6752,0.6992,0.635,0.7469,0.9394,0.5981,-0.4,,,,1,2024-09-22 02:49:27,,focal,2.0,0.2
esm-t33-gearnet,1,0.6632,0.6891,0.6217,0.7377,0.929,0.5972,0.0,,,,2,2024-09-22 02:59:31,,focal,2.0,0.3
esm-t33-gearnet,1,0.6721,0.6802,0.6231,0.754,0.9293,0.6056,-1.2,,,,3,2024-09-22 03:09:35,,focal,1.0,0.25
esm-t33-gearnet,1,0.6894,0.7211,0.6691,0.7381,0.9355,0.6014,-1.8,,,,4,2024-09-22 03:19:39,,focal,1.0,0.2
esm-t33-gearnet,1,0.6931,0.6988,0.6543,0.7617,0.9317,0.605,-1.0,,,,5,2024-09-22 03:29:44,,focal,1.0,0.3
esm-t33-gearnet,1,0.6741,0.6946,0.6558,0.7222,0.9373,0.6021,-0.8,,,,6,2024-09-22 03:39:50,,focal,3.0,0.25
esm-t33-gearnet,1,0.6806,0.6949,0.6573,0.7334,0.9254,0.5939,-1.0,,,,7,2024-09-22 03:49:54,,focal,3.0,0.2
esm-t33-gearnet,1,0.6697,0.6898,0.6217,0.7509,0.9334,0.5844,-0.2,,,,8,2024-09-22 03:59:57,,focal,3.0,0.3
esm-t33-gearnet,2,0.6751,0.6742,0.6113,0.7744,0.9234,0.5925,-0.8,,,,0,2024-09-22 04:09:57,,focal,2.0,0.25
esm-t33-gearnet,2,0.6686,0.6878,0.6513,0.7162,0.9267,0.6061,-1.2,,,,1,2024-09-22 04:20:00,,focal,2.0,0.2
esm-t33-gearnet,2,0.6802,0.7139,0.6513,0.7391,0.9366,0.619,-1.2,,,,2,2024-09-22 04:30:08,,focal,2.0,0.3
esm-t33-gearnet,2,0.6706,0.6974,0.632,0.7409,0.9303,0.6194,-2.4,,,,3,2024-09-22 04:40:11,,focal,1.0,0.25
esm-t33-gearnet,2,0.657,0.6856,0.638,0.7072,0.9144,0.6078,-2.0,,,,4,2024-09-22 04:50:16,,focal,1.0,0.2
esm-t33-gearnet,2,0.6724,0.6827,0.6113,0.7687,0.9242,0.5998,-1.6,,,,5,2024-09-22 05:00:19,,focal,1.0,0.3
esm-t33-gearnet,2,0.6829,0.7055,0.678,0.7163,0.9315,0.6034,-0.8,,,,6,2024-09-22 05:10:23,,focal,3.0,0.25
esm-t33-gearnet,2,0.6697,0.684,0.6335,0.7375,0.928,0.6046,-0.6,,,,7,2024-09-22 05:20:25,,focal,3.0,0.2
esm-t33-gearnet,2,0.6714,0.6993,0.6306,0.7443,0.9382,0.6127,-0.4,,,,8,2024-09-22 05:30:28,,focal,3.0,0.3
esm-t33-gearnet,3,0.6755,0.6791,0.6409,0.741,0.9334,0.6907,-0.6,,,,0,2024-09-22 05:40:32,,focal,2.0,0.25
esm-t33-gearnet,3,0.682,0.689,0.6335,0.7625,0.9298,0.6843,-0.4,,,,1,2024-09-22 05:50:35,,focal,2.0,0.2
esm-t33-gearnet,3,0.6681,0.6946,0.6024,0.7704,0.9399,0.6752,-0.2,,,,2,2024-09-22 06:00:39,,focal,2.0,0.3
esm-t33-gearnet,3,0.6748,0.6921,0.6261,0.7563,0.9323,0.6767,-1.4,,,,3,2024-09-22 06:10:42,,focal,1.0,0.25
esm-t33-gearnet,3,0.6709,0.6846,0.6053,0.7727,0.9469,0.6765,-0.8,,,,4,2024-09-22 06:20:45,,focal,1.0,0.2
esm-t33-gearnet,3,0.6761,0.6792,0.6098,0.7784,0.9429,0.6846,-0.4,,,,5,2024-09-22 06:30:49,,focal,1.0,0.3
esm-t33-gearnet,3,0.6663,0.6864,0.6187,0.7473,0.927,0.6805,-0.6,,,,6,2024-09-22 06:40:52,,focal,3.0,0.25
esm-t33-gearnet,3,0.6545,0.6849,0.6217,0.7199,0.9499,0.6701,-0.6,,,,7,2024-09-22 06:50:54,,focal,3.0,0.2
esm-t33-gearnet,3,0.6599,0.6789,0.6142,0.7393,0.9328,0.6786,-0.4,,,,8,2024-09-22 07:00:57,,focal,3.0,0.3
esm-t33-gearnet,4,0.6623,0.6724,0.5816,0.784,0.9396,0.6555,-0.2,,,,0,2024-09-22 07:10:59,,focal,2.0,0.25
esm-t33-gearnet,4,0.6767,0.6855,0.6335,0.7518,0.9368,0.6612,-0.6,,,,1,2024-09-22 07:21:02,,focal,2.0,0.2
esm-t33-gearnet,4,0.6806,0.6858,0.6409,0.7513,0.9398,0.6548,-0.8,,,,2,2024-09-22 07:31:05,,focal,2.0,0.3
esm-t33-gearnet,4,0.6771,0.6969,0.6513,0.7329,0.9317,0.6619,-2.4,,,,3,2024-09-22 07:41:08,,focal,1.0,0.25
esm-t33-gearnet,4,0.658,0.6932,0.6187,0.7303,0.9367,0.6607,-1.6,,,,4,2024-09-22 07:51:11,,focal,1.0,0.2
esm-t33-gearnet,4,0.6571,0.6599,0.589,0.7635,0.9236,0.6513,-0.8,,,,5,2024-09-22 08:01:14,,focal,1.0,0.3
esm-t33-gearnet,4,0.6738,0.7021,0.6142,0.7681,0.9401,0.6508,-0.6,,,,6,2024-09-22 08:11:16,,focal,3.0,0.25
esm-t33-gearnet,4,0.667,0.6751,0.5979,0.7735,0.9353,0.6536,-0.2,,,,7,2024-09-22 08:21:19,,focal,3.0,0.2
esm-t33-gearnet,4,0.6523,0.678,0.5668,0.7812,0.9385,0.6497,0.0,,,,8,2024-09-22 08:31:20,,focal,3.0,0.3
esm-t33-gearnet,1,0.654,0.6748,0.6454,0.6938,0.9024,0.5819,-4.4,30.0,300.0,50.0,0,2024-10-06 12:22:52,,,,
esm-t33-gearnet,1,0.6652,0.6656,0.6217,0.7416,0.9143,0.6036,-3.6,30.0,700.0,50.0,4,2024-10-06 12:34:06,,,,
esm-t33-gearnet,2,0.6597,0.6776,0.6202,0.732,0.9217,0.5925,-2.6,30.0,300.0,50.0,0,2024-10-06 12:44:19,,,,
esm-t33-gearnet,2,0.6784,0.6931,0.6513,0.7353,0.9187,0.6111,-3.8,30.0,700.0,50.0,4,2024-10-06 12:55:02,,,,
esm-t33-gearnet,3,0.6582,0.6663,0.6172,0.7324,0.8991,0.7032,-5.0,30.0,300.0,50.0,0,2024-10-06 13:05:13,,,,
esm-t33-gearnet,3,0.6591,0.6707,0.5964,0.7585,0.9255,0.7015,-1.4,30.0,700.0,50.0,4,2024-10-06 13:15:46,,,,
esm-t33-gearnet,4,0.653,0.6546,0.6365,0.701,0.9049,0.6656,-4.2,30.0,300.0,50.0,0,2024-10-06 13:25:58,,,,
esm-t33-gearnet,4,0.6601,0.6825,0.5653,0.8004,0.916,0.6435,-1.4,30.0,700.0,50.0,4,2024-10-06 13:36:42,,,,
esm-t33-gearnet,4,0.587,0.6448,0.5475,0.6661,0.9311,0.607,0.2,33.0,500.0,50.0,6,2024-10-07 12:44:15,,,,
esm-t33-gearnet,0,0.6508,0.6746,0.6217,0.7126,0.922,0.6926,-1.2,30.0,800.0,50.0,5,2024-10-17 13:42:40,,,,
esm-t33-gearnet,1,0.6823,0.6993,0.6677,0.7258,0.933,0.6096,-3.2,30.0,800.0,50.0,5,2024-10-17 13:53:43,,,,
esm-t33-gearnet,2,0.6565,0.6731,0.6157,0.7306,0.9105,0.615,-1.6,30.0,800.0,50.0,5,2024-10-17 14:04:46,,,,
esm-t33-gearnet,3,0.6681,0.6671,0.6409,0.7261,0.9062,0.6963,-2.8,30.0,800.0,50.0,5,2024-10-17 14:15:46,,,,
esm-t33-gearnet,4,0.6666,0.6793,0.638,0.7264,0.9138,0.6554,-1.4,30.0,800.0,50.0,5,2024-10-17 14:26:51,,,,
esm-t33-gearnet,0,0.6674,0.6765,0.6365,0.7296,0.9209,0.6856,-4.0,30.0,900.0,50.0,6,2024-10-17 14:40:27,,,,
esm-t33-gearnet,0,0.6452,0.6414,0.592,0.7348,0.9007,0.6856,-2.2,30.0,1000.0,50.0,7,2024-10-17 14:52:20,,,,
esm-t33-gearnet,1,0.6802,0.699,0.6706,0.7186,0.931,0.6114,-2.8,30.0,900.0,50.0,6,2024-10-17 15:03:44,,,,
esm-t33-gearnet,1,0.6627,0.6925,0.6588,0.697,0.9183,0.6308,-4.0,30.0,1000.0,50.0,7,2024-10-17 15:15:18,,,,
esm-t33-gearnet,2,0.6964,0.7112,0.6543,0.7683,0.9228,0.624,-2.2,30.0,900.0,50.0,6,2024-10-17 15:26:31,,,,
esm-t33-gearnet,2,0.6618,0.6809,0.6068,0.7518,0.918,0.6018,-1.8,30.0,1000.0,50.0,7,2024-10-17 15:37:57,,,,
esm-t33-gearnet,3,0.6701,0.7031,0.6231,0.75,0.9377,0.6898,-1.6,30.0,900.0,50.0,6,2024-10-17 15:49:02,,,,
esm-t33-gearnet,3,0.6691,0.6773,0.638,0.7313,0.9215,0.6979,-3.0,30.0,1000.0,50.0,7,2024-10-17 16:00:21,,,,
esm-t33-gearnet,4,0.6757,0.6839,0.6246,0.7599,0.9199,0.6544,-1.2,30.0,900.0,50.0,6,2024-10-17 16:11:38,,,,
esm-t33-gearnet,4,0.6572,0.682,0.6246,0.7221,0.9148,0.6683,-3.0,30.0,1000.0,50.0,7,2024-10-17 16:23:04,,,,
esm-t33-gearnet,0,0.6528,0.6617,0.5979,0.7435,0.9051,0.6895,-2.8,30.0,300.0,50.0,0,2024-10-17 16:35:01,,,,
esm-t33-gearnet,0,0.6331,0.6597,0.6261,0.673,0.9193,0.6897,-3.4,30.0,400.0,50.0,1,2024-10-17 16:45:48,,,,
esm-t33-gearnet,0,0.6417,0.67,0.5994,0.7189,0.9135,0.678,-3.4,30.0,500.0,50.0,2,2024-10-17 16:56:49,,,,
esm-t33-gearnet,0,0.6497,0.6763,0.6706,0.6608,0.9152,0.6914,-3.2,30.0,600.0,50.0,3,2024-10-17 17:08:10,,,,
esm-t33-gearnet,0,0.6455,0.663,0.5905,0.737,0.9144,0.6918,-2.0,30.0,700.0,50.0,4,2024-10-17 17:19:45,,,,
esm-t33-gearnet,0,0.6506,0.6488,0.5772,0.7642,0.9111,0.6758,-1.2,30.0,800.0,50.0,5,2024-10-17 17:31:27,,,,
esm-t33-gearnet,0,0.6517,0.6469,0.6009,0.7377,0.9005,0.6875,-2.8,30.0,900.0,50.0,6,2024-10-17 17:43:23,,,,
esm-t33-gearnet,0,0.6563,0.6701,0.5801,0.7727,0.8949,0.6874,-2.4,30.0,1000.0,50.0,7,2024-10-17 17:55:26,,,,
esm-t33-gearnet,1,0.6474,0.6509,0.6039,0.7255,0.9017,0.5871,-3.2,30.0,300.0,50.0,0,2024-10-17 18:05:55,,,,
esm-t33-gearnet,1,0.666,0.6824,0.6024,0.766,0.9158,0.6,-2.0,30.0,400.0,50.0,1,2024-10-17 18:16:09,,,,
esm-t33-gearnet,1,0.6912,0.7102,0.6691,0.7418,0.9322,0.6027,-3.8,30.0,500.0,50.0,2,2024-10-17 18:26:32,,,,
esm-t33-gearnet,1,0.6613,0.6963,0.6736,0.6796,0.9337,0.608,-3.4,30.0,600.0,50.0,3,2024-10-17 18:37:17,,,,
esm-t33-gearnet,1,0.6706,0.6908,0.6202,0.7545,0.9213,0.5981,-2.0,30.0,700.0,50.0,4,2024-10-17 18:48:13,,,,
esm-t33-gearnet,1,0.6716,0.6711,0.6573,0.7157,0.9149,0.6117,-3.8,30.0,800.0,50.0,5,2024-10-17 18:59:17,,,,
esm-t33-gearnet,1,0.6875,0.7084,0.6424,0.7637,0.9281,0.6049,-1.0,30.0,900.0,50.0,6,2024-10-17 19:10:29,,,,
esm-t33-gearnet,1,0.6651,0.6714,0.6068,0.7588,0.9065,0.6105,-1.6,30.0,1000.0,50.0,7,2024-10-17 19:21:56,,,,
esm-t33-gearnet,2,0.6704,0.6662,0.6469,0.7243,0.9081,0.5901,-3.4,30.0,300.0,50.0,0,2024-10-17 19:32:18,,,,
esm-t33-gearnet,2,0.662,0.6945,0.6469,0.7078,0.9046,0.6005,-5.0,30.0,400.0,50.0,1,2024-10-17 19:42:31,,,,
esm-t33-gearnet,2,0.6926,0.6973,0.6469,0.769,0.9213,0.6064,-4.4,30.0,500.0,50.0,2,2024-10-17 19:52:52,,,,
esm-t33-gearnet,2,0.6801,0.7079,0.6484,0.7419,0.9207,0.6248,-2.0,30.0,600.0,50.0,3,2024-10-17 20:03:27,,,,
esm-t33-gearnet,2,0.6919,0.6998,0.6691,0.743,0.9268,0.6309,-4.0,30.0,700.0,50.0,4,2024-10-17 20:14:13,,,,
esm-t33-gearnet,2,0.6674,0.6927,0.6409,0.7248,0.916,0.6175,-2.2,30.0,800.0,50.0,5,2024-10-17 20:25:12,,,,
esm-t33-gearnet,2,0.6969,0.7204,0.6424,0.783,0.9268,0.6125,-2.2,30.0,900.0,50.0,6,2024-10-17 20:36:16,,,,
esm-t33-gearnet,2,0.6716,0.6988,0.6513,0.722,0.9216,0.6116,-3.6,30.0,1000.0,50.0,7,2024-10-17 20:47:36,,,,
esm-t33-gearnet,3,0.6702,0.6813,0.6306,0.7417,0.9174,0.6958,-3.2,30.0,300.0,50.0,0,2024-10-17 20:57:55,,,,
esm-t33-gearnet,3,0.6794,0.6819,0.6231,0.7692,0.9269,0.6785,-2.6,30.0,400.0,50.0,1,2024-10-17 21:08:08,,,,
esm-t33-gearnet,3,0.6807,0.6875,0.6484,0.7432,0.9208,0.6817,-3.2,30.0,500.0,50.0,2,2024-10-17 21:18:30,,,,
esm-t33-gearnet,3,0.64,0.6864,0.5371,0.7939,0.9257,0.6829,1.8,30.0,600.0,50.0,3,2024-10-17 21:29:05,,,,
esm-t33-gearnet,3,0.6777,0.677,0.6246,0.7641,0.9237,0.6923,-2.6,30.0,700.0,50.0,4,2024-10-17 21:39:50,,,,
esm-t33-gearnet,3,0.6545,0.6892,0.5757,0.7745,0.9327,0.694,1.2,30.0,800.0,50.0,5,2024-10-17 21:50:48,,,,
esm-t33-gearnet,3,0.6822,0.6813,0.6261,0.7715,0.9257,0.6872,-1.8,30.0,900.0,50.0,6,2024-10-17 22:01:42,,,,
esm-t33-gearnet,3,0.6752,0.6884,0.6276,0.7554,0.9194,0.6937,-2.6,30.0,1000.0,50.0,7,2024-10-17 22:12:55,,,,
esm-t33-gearnet,4,0.6604,0.6777,0.6113,0.7437,0.9086,0.6579,-2.2,30.0,300.0,50.0,0,2024-10-17 22:23:11,,,,
esm-t33-gearnet,4,0.6525,0.6599,0.5994,0.7413,0.9071,0.6629,-0.4,30.0,400.0,50.0,1,2024-10-17 22:33:15,,,,
esm-t33-gearnet,4,0.6703,0.6897,0.6113,0.7644,0.9242,0.6592,-0.8,30.0,500.0,50.0,2,2024-10-17 22:43:34,,,,
esm-t33-gearnet,4,0.6656,0.6855,0.6469,0.7148,0.9181,0.6709,-3.2,30.0,600.0,50.0,3,2024-10-17 22:54:08,,,,
esm-t33-gearnet,4,0.6729,0.6765,0.6335,0.7439,0.9197,0.6504,-3.0,30.0,700.0,50.0,4,2024-10-17 23:04:55,,,,
esm-t33-gearnet,4,0.674,0.671,0.6231,0.7581,0.9264,0.6682,-0.8,30.0,800.0,50.0,5,2024-10-17 23:15:54,,,,
