model_key,valid_fold,mcc,micro_auprc,sensitivity,precision,micro_auroc,valid_mcc,best_threshold,boost_negative_use_ratio,boost_mask_positive,ensemble_count,last_single_run_mcc,last_single_run_auprc,finished_at
esm-t33-gearnet-pretrained-resiboost,0,0.6309,0.5862,0.4286,0.9677,0.8203,0.7496,0.0,0.5,False,1,0.6309,0.5862,2024-09-30 23:24:28
esm-t33-gearnet-pretrained-resiboost,0,0.5476,0.5966,0.3286,0.9583,0.8367,0.7715,0.6,0.5,False,2,0.3071,0.324,2024-09-30 23:24:51
esm-t33-gearnet-pretrained-resiboost,0,0.5725,0.5836,0.3571,0.9615,0.816,0.765,0.6,0.5,False,3,0.2486,0.3013,2024-09-30 23:25:14
esm-t33-gearnet-pretrained-resiboost,0,0.5602,0.5916,0.3429,0.96,0.8318,0.765,0.9,0.5,False,4,0.4191,0.4253,2024-09-30 23:25:38
esm-t33-gearnet-pretrained-resiboost,0,0.5846,0.5923,0.3714,0.963,0.8372,0.7679,0.9,0.5,False,5,0.4516,0.4956,2024-09-30 23:26:01
esm-t33-gearnet-pretrained-resiboost,0,0.6312,0.5685,0.4429,0.9394,0.7932,0.7438,0.2,0.5,True,1,0.6312,0.5685,2024-09-30 23:26:25
esm-t33-gearnet-pretrained-resiboost,0,0.585,0.5671,0.3857,0.931,0.8021,0.7648,0.8,0.5,True,2,0.2847,0.3807,2024-09-30 23:26:48
esm-t33-gearnet-pretrained-resiboost,0,0.5846,0.573,0.3714,0.963,0.7984,0.765,0.9,0.5,True,3,0.2659,0.2437,2024-09-30 23:27:12
esm-t33-gearnet-pretrained-resiboost,0,0.5978,0.5745,0.4143,0.9062,0.8014,0.7714,-0.3,0.5,True,4,0.0,0.08,2024-09-30 23:27:35
esm-t33-gearnet-pretrained-resiboost,0,0.5602,0.5712,0.3429,0.96,0.8071,0.7679,0.5,0.5,True,5,0.3551,0.3845,2024-09-30 23:27:58
esm-t33-gearnet-pretrained-resiboost,0,0.585,0.5656,0.3857,0.931,0.7901,0.7586,0.6,0.5,False,1,0.585,0.5656,2024-10-01 12:21:05
esm-t33-gearnet-pretrained-resiboost,0,0.5729,0.5707,0.3714,0.9286,0.8092,0.774,0.2,0.5,False,2,0.3483,0.3466,2024-10-01 12:21:27
esm-t33-gearnet-pretrained-resiboost,0,0.5965,0.5636,0.3857,0.9643,0.7911,0.7531,0.8,0.5,False,3,0.2236,0.2471,2024-10-01 12:21:49
esm-t33-gearnet-pretrained-resiboost,0,0.5846,0.5775,0.3714,0.963,0.801,0.7531,0.9,0.5,False,4,0.407,0.4208,2024-10-01 12:22:11
esm-t33-gearnet-pretrained-resiboost,0,0.5978,0.5871,0.4143,0.9062,0.8194,0.7531,0.9,0.5,False,5,0.5088,0.5213,2024-10-01 12:22:33
esm-t33-gearnet-pretrained-resiboost,0,0.586,0.587,0.4,0.9032,0.8245,0.7496,0.9,0.5,False,6,0.3672,0.4756,2024-10-01 12:22:55
esm-t33-gearnet-pretrained-resiboost,0,0.5085,0.5868,0.5143,0.5625,0.8242,0.7509,-2.0,0.5,False,7,0.4662,0.5454,2024-10-01 12:23:17
esm-t33-gearnet-pretrained-resiboost,0,0.5978,0.5843,0.4143,0.9062,0.8229,0.7556,0.9,0.5,False,8,0.5082,0.534,2024-10-01 12:23:39
esm-t33-gearnet-pretrained-resiboost,0,0.5038,0.5842,0.5143,0.5538,0.8224,0.755,-2.0,0.5,False,9,0.574,0.5571,2024-10-01 12:24:01
esm-t33-gearnet-pretrained-resiboost,0,0.5978,0.5894,0.4143,0.9062,0.8288,0.7496,0.9,0.5,False,10,0.5354,0.6291,2024-10-01 12:24:24
esm-t33-gearnet-pretrained-resiboost,0,0.642,0.5907,0.4429,0.9688,0.8299,0.7589,-0.6,0.5,True,1,0.642,0.5907,2024-10-01 12:24:46
esm-t33-gearnet-pretrained-resiboost,0,0.5082,0.5856,0.2857,0.9524,0.8321,0.7679,0.2,0.5,True,2,0.1182,0.1535,2024-10-01 12:25:08
esm-t33-gearnet-pretrained-resiboost,0,0.5965,0.5822,0.3857,0.9643,0.8207,0.7623,0.0,0.5,True,3,0.2115,0.2393,2024-10-01 12:25:30
esm-t33-gearnet-pretrained-resiboost,0,0.5846,0.5807,0.3714,0.963,0.8324,0.7566,-0.1,0.5,True,4,0.1132,0.074,2024-10-01 12:25:52
esm-t33-gearnet-pretrained-resiboost,0,0.5216,0.5904,0.3,0.9545,0.8442,0.7586,0.7,0.5,True,5,0.4191,0.4216,2024-10-01 12:26:14
esm-t33-gearnet-pretrained-resiboost,0,0.5476,0.6034,0.3286,0.9583,0.8574,0.765,0.8,0.5,True,6,0.6312,0.5969,2024-10-01 12:26:36
esm-t33-gearnet-pretrained-resiboost,0,0.5846,0.6009,0.3714,0.963,0.8558,0.7679,0.7,0.5,True,7,0.5606,0.5229,2024-10-01 12:26:58
esm-t33-gearnet-pretrained-resiboost,0,0.5846,0.6012,0.3714,0.963,0.8537,0.7617,0.7,0.5,True,8,0.4357,0.5357,2024-10-01 12:27:20
esm-t33-gearnet-pretrained-resiboost,0,0.5725,0.6007,0.3571,0.9615,0.856,0.7679,0.8,0.5,True,9,0.4967,0.5491,2024-10-01 12:27:42
esm-t33-gearnet-pretrained-resiboost,0,0.5846,0.6012,0.3714,0.963,0.8551,0.7617,0.7,0.5,True,10,0.4516,0.5137,2024-10-01 12:28:03
esm-t33-gearnet-pretrained-resiboost,0,0.6012,0.5561,0.4429,0.8611,0.7515,0.7232,-2.9,0.1,False,1,0.5897,0.5561,2024-10-02 03:11:43
esm-t33-gearnet-pretrained-resiboost,0,0.5978,0.5642,0.4143,0.9062,0.7563,0.7395,-0.5,0.1,False,2,0.2842,0.4264,2024-10-02 03:12:05
esm-t33-gearnet-pretrained-resiboost,0,0.5939,0.5618,0.5143,0.7347,0.7656,0.7515,-2.0,0.1,False,3,0.2976,0.3784,2024-10-02 03:12:27
esm-t33-gearnet-pretrained-resiboost,0,0.5805,0.5662,0.5143,0.7059,0.7626,0.7427,-1.9,0.1,False,4,0.2659,0.2836,2024-10-02 03:12:49
esm-t33-gearnet-pretrained-resiboost,0,0.6082,0.5691,0.5143,0.766,0.7704,0.7634,-0.7,0.1,False,5,0.3008,0.3371,2024-10-02 03:13:11
esm-t33-gearnet-pretrained-resiboost,0,0.5827,0.5644,0.5,0.7292,0.767,0.7427,-0.9,0.1,False,6,0.3659,0.3144,2024-10-02 03:13:32
esm-t33-gearnet-pretrained-resiboost,0,0.6045,0.5601,0.5,0.7778,0.7684,0.7634,-0.4,0.1,False,7,0.2345,0.2303,2024-10-02 03:13:54
esm-t33-gearnet-pretrained-resiboost,0,0.5898,0.5624,0.5,0.7447,0.7687,0.7427,-0.7,0.1,False,8,0.3178,0.3243,2024-10-02 03:14:16
esm-t33-gearnet-pretrained-resiboost,0,0.5933,0.5652,0.4857,0.7727,0.7729,0.7454,-0.3,0.1,False,9,0.3192,0.3629,2024-10-02 03:14:38
esm-t33-gearnet-pretrained-resiboost,0,0.5555,0.563,0.5286,0.6379,0.772,0.7271,-0.8,0.1,False,10,0.4273,0.3756,2024-10-02 03:15:00
esm-t33-gearnet-pretrained-resiboost,0,0.5352,0.4724,0.3286,0.92,0.7324,0.7275,-3.0,0.1,True,1,0.5365,0.4724,2024-10-02 03:15:21
esm-t33-gearnet-pretrained-resiboost,0,0.5088,0.5014,0.3,0.913,0.7369,0.7146,-0.6,0.1,True,2,0.279,0.313,2024-10-02 03:15:43
esm-t33-gearnet-pretrained-resiboost,0,0.5236,0.4858,0.3286,0.8846,0.7314,0.7266,-2.1,0.1,True,3,-0.0291,0.0432,2024-10-02 03:16:05
esm-t33-gearnet-pretrained-resiboost,0,0.4802,0.5063,0.2571,0.9474,0.7386,0.736,0.0,0.1,True,4,0.2543,0.2698,2024-10-02 03:16:28
esm-t33-gearnet-pretrained-resiboost,0,0.5221,0.4533,0.3143,0.9167,0.7302,0.7496,-1.3,0.1,True,5,0.0079,0.0636,2024-10-02 03:16:49
esm-t33-gearnet-pretrained-resiboost,0,0.4191,0.4955,0.2,0.9333,0.7369,0.743,0.0,0.1,True,6,0.1952,0.1577,2024-10-02 03:17:11
esm-t33-gearnet-pretrained-resiboost,0,0.495,0.4539,0.2857,0.9091,0.7309,0.7505,-0.9,0.1,True,7,0.0163,0.121,2024-10-02 03:17:33
esm-t33-gearnet-pretrained-resiboost,0,0.4025,0.5077,0.1857,0.9286,0.7416,0.7263,0.1,0.1,True,8,0.2554,0.298,2024-10-02 03:17:55
esm-t33-gearnet-pretrained-resiboost,0,0.481,0.4563,0.2714,0.9048,0.7341,0.7473,-0.6,0.1,True,9,0.0006,0.1027,2024-10-02 03:18:17
esm-t33-gearnet-pretrained-resiboost,0,0.495,0.5122,0.2857,0.9091,0.7442,0.7432,-0.4,0.1,True,10,0.2458,0.2993,2024-10-02 03:18:39
esm-t33-gearnet-pretrained-resiboost,0,0.541,0.5036,0.3714,0.8387,0.7166,0.7316,-3.0,0.2,False,1,0.5313,0.5036,2024-10-02 03:19:00
esm-t33-gearnet-pretrained-resiboost,0,0.5216,0.538,0.3,0.9545,0.7188,0.72,0.3,0.2,False,2,0.4351,0.3981,2024-10-02 03:19:22
esm-t33-gearnet-pretrained-resiboost,0,0.5948,0.5375,0.4571,0.8205,0.7276,0.7309,-1.3,0.2,False,3,0.2995,0.3962,2024-10-02 03:19:44
esm-t33-gearnet-pretrained-resiboost,0,0.5216,0.5503,0.3,0.9545,0.7287,0.7491,0.9,0.2,False,4,0.3073,0.3465,2024-10-02 03:20:06
esm-t33-gearnet-pretrained-resiboost,0,0.567,0.546,0.4714,0.7333,0.7293,0.7398,-1.5,0.2,False,5,0.3108,0.3149,2024-10-02 03:20:28
esm-t33-gearnet-pretrained-resiboost,0,0.5846,0.5595,0.3714,0.963,0.7316,0.7297,0.8,0.2,False,6,0.5082,0.4855,2024-10-02 03:20:49
esm-t33-gearnet-pretrained-resiboost,0,0.5846,0.5609,0.3714,0.963,0.7322,0.7297,0.8,0.2,False,7,0.4665,0.4555,2024-10-02 03:21:11
esm-t33-gearnet-pretrained-resiboost,0,0.6197,0.5642,0.4143,0.9667,0.7386,0.7242,0.8,0.2,False,8,0.4363,0.4904,2024-10-02 03:21:33
esm-t33-gearnet-pretrained-resiboost,0,0.6197,0.5644,0.4143,0.9667,0.7389,0.7297,0.9,0.2,False,9,0.4827,0.4549,2024-10-02 03:21:55
esm-t33-gearnet-pretrained-resiboost,0,0.5898,0.567,0.5,0.7447,0.7403,0.7168,-1.4,0.2,False,10,0.5354,0.5115,2024-10-02 03:22:17
esm-t33-gearnet-pretrained-resiboost,0,0.6035,0.5463,0.4571,0.8421,0.7588,0.6963,-3.0,0.2,True,1,0.5743,0.5463,2024-10-02 03:22:39
esm-t33-gearnet-pretrained-resiboost,0,0.6094,0.5682,0.4286,0.9091,0.7652,0.7371,-0.3,0.2,True,2,0.3483,0.3854,2024-10-02 03:23:01
esm-t33-gearnet-pretrained-resiboost,0,0.6035,0.5536,0.4571,0.8421,0.7689,0.7407,-1.3,0.2,True,3,0.1041,0.1463,2024-10-02 03:23:22
esm-t33-gearnet-pretrained-resiboost,0,0.5352,0.5639,0.3286,0.92,0.7683,0.7501,0.4,0.2,True,4,0.2659,0.2502,2024-10-02 03:23:44
esm-t33-gearnet-pretrained-resiboost,0,0.4506,0.5559,0.2286,0.9412,0.768,0.7914,0.7,0.2,True,5,0.0765,0.1082,2024-10-02 03:24:06
esm-t33-gearnet-pretrained-resiboost,0,0.4802,0.5763,0.2571,0.9474,0.7732,0.7501,0.7,0.2,True,6,0.4191,0.3579,2024-10-02 03:24:28
esm-t33-gearnet-pretrained-resiboost,0,0.5082,0.5701,0.2857,0.9524,0.776,0.7574,0.7,0.2,True,7,0.3164,0.2628,2024-10-02 03:24:50
esm-t33-gearnet-pretrained-resiboost,0,0.5216,0.5629,0.3,0.9545,0.7744,0.7694,0.4,0.2,True,8,0.2033,0.1665,2024-10-02 03:25:12
esm-t33-gearnet-pretrained-resiboost,0,0.4512,0.5752,0.2143,1.0,0.7822,0.7648,0.9,0.2,True,9,0.2896,0.3132,2024-10-02 03:25:34
esm-t33-gearnet-pretrained-resiboost,0,0.5088,0.5802,0.2714,1.0,0.7857,0.7766,0.9,0.2,True,10,0.3627,0.3499,2024-10-02 03:25:56
esm-t33-gearnet-pretrained-resiboost,0,0.6126,0.5557,0.4571,0.8649,0.7741,0.7221,-3.0,0.3,False,1,0.5819,0.5557,2024-10-02 03:26:17
esm-t33-gearnet-pretrained-resiboost,0,0.5968,0.5857,0.4,0.9333,0.7824,0.7553,0.6,0.3,False,2,0.4967,0.4979,2024-10-02 03:26:39
esm-t33-gearnet-pretrained-resiboost,0,0.6156,0.5739,0.5143,0.7826,0.7765,0.7412,-1.4,0.3,False,3,0.3153,0.3534,2024-10-02 03:27:01
esm-t33-gearnet-pretrained-resiboost,0,0.5916,0.5802,0.5286,0.7115,0.7806,0.7271,-2.1,0.3,False,4,0.4665,0.4715,2024-10-02 03:27:23
esm-t33-gearnet-pretrained-resiboost,0,0.6197,0.5808,0.4143,0.9667,0.7834,0.7467,0.9,0.3,False,5,0.3071,0.3498,2024-10-02 03:27:44
esm-t33-gearnet-pretrained-resiboost,0,0.6197,0.5803,0.4143,0.9667,0.7851,0.7409,0.9,0.3,False,6,0.4457,0.4453,2024-10-02 03:28:06
esm-t33-gearnet-pretrained-resiboost,0,0.5353,0.5806,0.5429,0.5846,0.7872,0.7271,-1.9,0.3,False,7,0.5606,0.5209,2024-10-02 03:28:28
esm-t33-gearnet-pretrained-resiboost,0,0.6197,0.5806,0.4143,0.9667,0.7897,0.7242,0.9,0.3,False,8,0.4197,0.5114,2024-10-02 03:28:50
esm-t33-gearnet-pretrained-resiboost,0,0.6197,0.5831,0.4143,0.9667,0.7903,0.7242,0.9,0.3,False,9,0.4944,0.5543,2024-10-02 03:29:12
esm-t33-gearnet-pretrained-resiboost,0,0.6197,0.5841,0.4143,0.9667,0.7935,0.7242,0.9,0.3,False,10,0.3857,0.5301,2024-10-02 03:29:34
esm-t33-gearnet-pretrained-resiboost,0,0.574,0.539,0.3857,0.9,0.7454,0.7126,-3.0,0.3,True,1,0.5563,0.539,2024-10-02 03:29:55
esm-t33-gearnet-pretrained-resiboost,0,0.5476,0.5646,0.3286,0.9583,0.7534,0.7457,0.5,0.3,True,2,0.3693,0.4437,2024-10-02 03:30:17
esm-t33-gearnet-pretrained-resiboost,0,0.6062,0.5547,0.4714,0.825,0.7522,0.7632,-2.1,0.3,True,3,0.0786,0.0862,2024-10-02 03:30:39
esm-t33-gearnet-pretrained-resiboost,0,0.495,0.5628,0.2571,1.0,0.7522,0.7694,0.6,0.3,True,4,0.2735,0.2625,2024-10-02 03:31:01
esm-t33-gearnet-pretrained-resiboost,0,0.4944,0.5682,0.2714,0.95,0.7585,0.7574,0.9,0.3,True,5,0.3161,0.3071,2024-10-02 03:31:23
esm-t33-gearnet-pretrained-resiboost,0,0.5352,0.5741,0.3286,0.92,0.7566,0.7681,0.3,0.3,True,6,0.2361,0.199,2024-10-02 03:31:44
esm-t33-gearnet-pretrained-resiboost,0,0.5222,0.5784,0.2857,1.0,0.7582,0.786,0.9,0.3,True,7,0.3672,0.3354,2024-10-02 03:32:06
esm-t33-gearnet-pretrained-resiboost,0,0.5354,0.5782,0.3,1.0,0.7602,0.772,0.8,0.3,True,8,0.2135,0.2264,2024-10-02 03:32:28
esm-t33-gearnet-pretrained-resiboost,0,0.5476,0.5792,0.3286,0.9583,0.7631,0.7585,0.5,0.3,True,9,0.2908,0.3247,2024-10-02 03:32:50
esm-t33-gearnet-pretrained-resiboost,0,0.5088,0.5811,0.2714,1.0,0.7654,0.7652,0.9,0.3,True,10,0.4025,0.3483,2024-10-02 03:33:12
esm-t33-gearnet-pretrained-resiboost,0,0.6108,0.5683,0.4429,0.8857,0.8051,0.7146,-1.6,0.5,False,1,0.6035,0.5683,2024-10-02 03:33:34
esm-t33-gearnet-pretrained-resiboost,0,0.5993,0.5835,0.4286,0.8824,0.8123,0.7409,-0.2,0.5,False,2,0.4802,0.4981,2024-10-02 03:33:56
esm-t33-gearnet-pretrained-resiboost,0,0.6012,0.5778,0.4429,0.8611,0.8078,0.7352,-0.1,0.5,False,3,0.4538,0.4284,2024-10-02 03:34:18
esm-t33-gearnet-pretrained-resiboost,0,0.6094,0.5921,0.4286,0.9091,0.8149,0.7467,0.5,0.5,False,4,0.4266,0.4833,2024-10-02 03:34:39
esm-t33-gearnet-pretrained-resiboost,0,0.6108,0.5896,0.4429,0.8857,0.8114,0.7409,0.3,0.5,False,5,0.5476,0.5305,2024-10-02 03:35:01
esm-t33-gearnet-pretrained-resiboost,0,0.5968,0.5878,0.4,0.9333,0.811,0.7467,0.8,0.5,False,6,0.3857,0.5014,2024-10-02 03:35:23
esm-t33-gearnet-pretrained-resiboost,0,0.586,0.5871,0.4,0.9032,0.8119,0.7526,0.9,0.5,False,7,0.5088,0.5495,2024-10-02 03:35:45
esm-t33-gearnet-pretrained-resiboost,0,0.586,0.5876,0.4,0.9032,0.813,0.7526,0.9,0.5,False,8,0.4662,0.5661,2024-10-02 03:36:07
esm-t33-gearnet-pretrained-resiboost,0,0.574,0.5865,0.3857,0.9,0.8139,0.7526,0.9,0.5,False,9,0.3857,0.5267,2024-10-02 03:36:28
esm-t33-gearnet-pretrained-resiboost,0,0.574,0.5848,0.3857,0.9,0.8142,0.7526,0.9,0.5,False,10,0.403,0.5405,2024-10-02 03:36:50
esm-t33-gearnet-pretrained-resiboost,0,0.5978,0.5524,0.4714,0.8049,0.7643,0.7039,-3.0,0.5,True,1,0.5714,0.5524,2024-10-02 03:37:12
esm-t33-gearnet-pretrained-resiboost,0,0.5993,0.5766,0.4286,0.8824,0.7729,0.7263,0.4,0.5,True,2,0.4802,0.4945,2024-10-02 03:37:34
esm-t33-gearnet-pretrained-resiboost,0,0.6123,0.5574,0.5,0.7955,0.7677,0.7586,-1.3,0.5,True,3,0.1176,0.1246,2024-10-02 03:37:56
esm-t33-gearnet-pretrained-resiboost,0,0.5606,0.5652,0.3571,0.9259,0.7696,0.7598,0.4,0.5,True,4,-0.0109,0.1756,2024-10-02 03:38:17
esm-t33-gearnet-pretrained-resiboost,0,0.5082,0.5785,0.2857,0.9524,0.7753,0.7528,0.9,0.5,True,5,0.4506,0.488,2024-10-02 03:38:39
esm-t33-gearnet-pretrained-resiboost,0,0.5216,0.5765,0.3,0.9545,0.7771,0.7392,0.9,0.5,True,6,0.4853,0.498,2024-10-02 03:39:02
esm-t33-gearnet-pretrained-resiboost,0,0.5348,0.5771,0.3143,0.9565,0.7785,0.7424,0.9,0.5,True,7,0.5236,0.5166,2024-10-02 03:39:24
esm-t33-gearnet-pretrained-resiboost,0,0.5725,0.5779,0.3571,0.9615,0.7796,0.7491,0.8,0.5,True,8,0.5608,0.5539,2024-10-02 03:39:45
esm-t33-gearnet-pretrained-resiboost,0,0.5725,0.5789,0.3571,0.9615,0.7831,0.7431,0.8,0.5,True,9,0.4191,0.5569,2024-10-02 03:40:07
esm-t33-gearnet-pretrained-resiboost,0,0.5725,0.5767,0.3571,0.9615,0.7838,0.7431,0.8,0.5,True,10,0.4662,0.5493,2024-10-02 03:40:29
esm-t33-gearnet-pretrained-resiboost,0,0.5385,0.5222,0.3571,0.8621,0.7426,0.7266,-3.0,0.9,False,1,0.5535,0.5222,2024-10-02 03:40:51
esm-t33-gearnet-pretrained-resiboost,0,0.6126,0.547,0.4571,0.8649,0.7444,0.7496,-3.0,0.9,False,2,0.3285,0.5355,2024-10-02 03:41:13
esm-t33-gearnet-pretrained-resiboost,0,0.5348,0.563,0.3143,0.9565,0.7456,0.7457,0.3,0.9,False,3,0.5132,0.5733,2024-10-02 03:41:35
esm-t33-gearnet-pretrained-resiboost,0,0.6285,0.567,0.5,0.8333,0.7475,0.7544,-3.0,0.9,False,4,0.6085,0.585,2024-10-02 03:41:57
esm-t33-gearnet-pretrained-resiboost,0,0.5476,0.5688,0.3286,0.9583,0.748,0.7491,0.7,0.9,False,5,0.5731,0.5679,2024-10-02 03:42:18
esm-t33-gearnet-pretrained-resiboost,0,0.5731,0.571,0.3429,1.0,0.749,0.7491,0.8,0.9,False,6,0.5846,0.5707,2024-10-02 03:42:40
esm-t33-gearnet-pretrained-resiboost,0,0.5731,0.5726,0.3429,1.0,0.7497,0.7491,0.9,0.9,False,7,0.5606,0.5661,2024-10-02 03:43:02
esm-t33-gearnet-pretrained-resiboost,0,0.5725,0.5726,0.3571,0.9615,0.7501,0.7431,0.6,0.9,False,8,0.5731,0.5715,2024-10-02 03:43:24
esm-t33-gearnet-pretrained-resiboost,0,0.5725,0.5747,0.3571,0.9615,0.7517,0.7431,0.7,0.9,False,9,0.4512,0.5661,2024-10-02 03:43:46
esm-t33-gearnet-pretrained-resiboost,0,0.5852,0.5734,0.3571,1.0,0.7531,0.7491,0.9,0.9,False,10,0.5725,0.5638,2024-10-02 03:44:08
esm-t33-gearnet-pretrained-resiboost,0,0.5481,0.5395,0.3429,0.9231,0.7623,0.7456,-3.0,0.9,True,1,0.586,0.5395,2024-10-02 03:44:29
esm-t33-gearnet-pretrained-resiboost,0,0.6221,0.5615,0.4571,0.8889,0.7659,0.7359,-3.0,0.9,True,2,0.4808,0.5474,2024-10-02 03:44:51
esm-t33-gearnet-pretrained-resiboost,0,0.5082,0.5739,0.2857,0.9524,0.769,0.7553,0.8,0.9,True,3,0.4662,0.5897,2024-10-02 03:45:13
esm-t33-gearnet-pretrained-resiboost,0,0.5725,0.5767,0.3571,0.9615,0.7693,0.7491,0.7,0.9,True,4,0.403,0.5515,2024-10-02 03:45:35
esm-t33-gearnet-pretrained-resiboost,0,0.6045,0.5786,0.5,0.7778,0.7691,0.7451,-3.0,0.9,True,5,0.4662,0.5622,2024-10-02 03:45:57
esm-t33-gearnet-pretrained-resiboost,0,0.6045,0.5786,0.5,0.7778,0.7697,0.7451,-3.0,0.9,True,6,0.5608,0.5536,2024-10-02 03:46:19
esm-t33-gearnet-pretrained-resiboost,0,0.6045,0.5821,0.5,0.7778,0.7719,0.7407,-3.0,0.9,True,7,0.5608,0.5882,2024-10-02 03:46:41
esm-t33-gearnet-pretrained-resiboost,0,0.6156,0.5834,0.5143,0.7826,0.7727,0.7407,-3.0,0.9,True,8,0.4808,0.5712,2024-10-02 03:47:02
esm-t33-gearnet-pretrained-resiboost,0,0.6156,0.5831,0.5143,0.7826,0.7733,0.7407,-3.0,0.9,True,9,0.5354,0.5662,2024-10-02 03:47:24
esm-t33-gearnet-pretrained-resiboost,0,0.6082,0.5822,0.5143,0.766,0.7727,0.7407,-3.0,0.9,True,10,0.4197,0.5551,2024-10-02 03:47:46
esm-t33-gearnet-pretrained-resiboost,0,0.6087,0.5618,0.3857,1.0,0.761,0.716,0.3,0.5,False,1,0.6087,0.5618,2024-10-02 13:29:19
esm-t33-gearnet-pretrained-resiboost,0,0.6082,0.5635,0.4,0.9655,0.7629,0.7189,0.2,0.5,False,2,0.4656,0.4586,2024-10-02 13:29:41
esm-t33-gearnet-pretrained-resiboost,0,0.6087,0.5701,0.3857,1.0,0.7754,0.7297,0.9,0.5,False,3,0.5082,0.4849,2024-10-02 13:30:03
esm-t33-gearnet-pretrained-resiboost,0,0.6082,0.5717,0.4,0.9655,0.7938,0.7297,0.9,0.5,False,4,0.4506,0.4971,2024-10-02 13:30:25
esm-t33-gearnet-pretrained-resiboost,0,0.6208,0.5812,0.4429,0.9118,0.8046,0.7189,0.7,0.5,False,5,0.5481,0.5168,2024-10-02 13:30:47
esm-t33-gearnet-pretrained-resiboost,0,0.6221,0.5818,0.4571,0.8889,0.8126,0.7242,0.7,0.5,False,6,0.586,0.5098,2024-10-02 13:31:09
esm-t33-gearnet-pretrained-resiboost,0,0.6126,0.5836,0.4571,0.8649,0.8261,0.7242,0.7,0.5,False,7,0.4363,0.5406,2024-10-02 13:31:31
esm-t33-gearnet-pretrained-resiboost,0,0.6012,0.5817,0.4429,0.8611,0.8257,0.7242,0.8,0.5,False,8,0.3857,0.5146,2024-10-02 13:31:53
esm-t33-gearnet-pretrained-resiboost,0,0.5875,0.5811,0.4143,0.8788,0.8264,0.7297,0.9,0.5,False,9,0.5221,0.5577,2024-10-02 13:32:15
esm-t33-gearnet-pretrained-resiboost,0,0.5756,0.5811,0.4,0.875,0.824,0.7297,0.9,0.5,False,10,0.5088,0.5216,2024-10-02 13:32:37
esm-t33-gearnet-pretrained-resiboost,0,0.5846,0.5591,0.3714,0.963,0.7543,0.7146,-0.4,0.5,True,1,0.5846,0.5591,2024-10-02 13:32:59
esm-t33-gearnet-pretrained-resiboost,0,0.5846,0.5656,0.3714,0.963,0.7597,0.7352,0.3,0.5,True,2,0.3852,0.4701,2024-10-02 13:33:21
esm-t33-gearnet-pretrained-resiboost,0,0.5846,0.56,0.3714,0.963,0.7615,0.7409,0.9,0.5,True,3,0.3322,0.34,2024-10-02 13:33:43
esm-t33-gearnet-pretrained-resiboost,0,0.5729,0.5655,0.3714,0.9286,0.7788,0.7467,0.4,0.5,True,4,0.2597,0.265,2024-10-02 13:34:05
esm-t33-gearnet-pretrained-resiboost,0,0.5082,0.5695,0.2857,0.9524,0.7813,0.7681,0.8,0.5,True,5,0.3676,0.3439,2024-10-02 13:34:27
esm-t33-gearnet-pretrained-resiboost,0,0.5348,0.5778,0.3143,0.9565,0.7925,0.7711,0.9,0.5,True,6,0.5482,0.5115,2024-10-02 13:34:49
esm-t33-gearnet-pretrained-resiboost,0,0.5602,0.5744,0.3429,0.96,0.785,0.7491,0.9,0.5,True,7,0.5476,0.4967,2024-10-02 13:35:11
esm-t33-gearnet-pretrained-resiboost,0,0.5725,0.5755,0.3571,0.9615,0.7915,0.7616,0.9,0.5,True,8,0.4827,0.4748,2024-10-02 13:35:33
esm-t33-gearnet-pretrained-resiboost,0,0.5846,0.575,0.3714,0.963,0.7967,0.7648,0.9,0.5,True,9,0.4197,0.5593,2024-10-02 13:35:55
esm-t33-gearnet-pretrained-resiboost,0,0.5846,0.5763,0.3714,0.963,0.8001,0.7586,0.8,0.5,True,10,0.4197,0.5439,2024-10-02 13:36:17
esm-t33-gearnet-pretrained-resiboost,0,0.5846,0.5603,0.3714,0.963,0.759,0.7104,-0.3,0.9,False,1,0.5846,0.5603,2024-10-02 17:25:41
esm-t33-gearnet-pretrained-resiboost,0,0.6202,0.5633,0.4,1.0,0.7596,0.7297,0.3,0.9,False,2,0.3486,0.5289,2024-10-02 17:26:08
esm-t33-gearnet-pretrained-resiboost,0,0.6202,0.5697,0.4,1.0,0.7719,0.7586,0.7,0.9,False,3,0.495,0.5726,2024-10-02 17:26:39
esm-t33-gearnet-pretrained-resiboost,0,0.6202,0.5699,0.4,1.0,0.7744,0.7467,0.9,0.9,False,4,0.6082,0.5639,2024-10-02 17:27:09
esm-t33-gearnet-pretrained-resiboost,0,0.6202,0.5742,0.4,1.0,0.7781,0.7409,0.9,0.9,False,5,0.5482,0.5677,2024-10-02 17:27:38
esm-t33-gearnet-pretrained-resiboost,0,0.6082,0.5751,0.4,0.9655,0.7838,0.7526,0.9,0.9,False,6,0.4808,0.5714,2024-10-02 17:28:06
esm-t33-gearnet-pretrained-resiboost,0,0.5965,0.5724,0.3857,0.9643,0.7816,0.7409,0.9,0.9,False,7,0.2842,0.5416,2024-10-02 17:28:34
esm-t33-gearnet-pretrained-resiboost,0,0.5965,0.5717,0.3857,0.9643,0.7839,0.7409,0.9,0.9,False,8,0.4749,0.5524,2024-10-02 17:29:02
esm-t33-gearnet-pretrained-resiboost,0,0.5968,0.5737,0.4,0.9333,0.7885,0.7242,0.7,0.9,False,9,0.5731,0.5875,2024-10-02 17:29:33
esm-t33-gearnet-pretrained-resiboost,0,0.5968,0.5734,0.4,0.9333,0.788,0.7297,0.9,0.9,False,10,0.5481,0.5558,2024-10-02 17:30:01
esm-t33-gearnet-pretrained-resiboost,0,0.6082,0.5611,0.4,0.9655,0.7533,0.7201,-0.1,0.9,True,1,0.6202,0.5611,2024-10-02 17:30:27
esm-t33-gearnet-pretrained-resiboost,0,0.6082,0.5686,0.4,0.9655,0.7616,0.7297,0.3,0.9,True,2,0.5608,0.5703,2024-10-02 17:30:57
esm-t33-gearnet-pretrained-resiboost,0,0.597,0.5698,0.3714,1.0,0.7633,0.7297,0.7,0.9,True,3,0.5635,0.5538,2024-10-02 17:31:25
esm-t33-gearnet-pretrained-resiboost,0,0.597,0.5759,0.3714,1.0,0.7727,0.7242,0.9,0.9,True,4,0.6312,0.5963,2024-10-02 17:31:53
esm-t33-gearnet-pretrained-resiboost,0,0.597,0.5736,0.3714,1.0,0.7727,0.7256,0.9,0.9,True,5,0.5273,0.539,2024-10-02 17:32:21
esm-t33-gearnet-pretrained-resiboost,0,0.597,0.5729,0.3714,1.0,0.7736,0.7409,0.9,0.9,True,6,0.3285,0.5554,2024-10-02 17:32:55
esm-t33-gearnet-pretrained-resiboost,0,0.597,0.5736,0.3714,1.0,0.7782,0.7467,0.9,0.9,True,7,0.5602,0.5657,2024-10-02 17:33:20
esm-t33-gearnet-pretrained-resiboost,0,0.597,0.5728,0.3714,1.0,0.7814,0.7352,0.9,0.9,True,8,0.4808,0.5613,2024-10-02 17:33:42
esm-t33-gearnet-pretrained-resiboost,0,0.597,0.5707,0.3714,1.0,0.781,0.7352,0.9,0.9,True,9,0.4512,0.5514,2024-10-02 17:34:06
esm-t33-gearnet-pretrained-resiboost,0,0.6082,0.5707,0.4,0.9655,0.7811,0.7352,0.8,0.9,True,10,0.4808,0.5666,2024-10-02 17:34:30
esm-t33-gearnet-pretrained-resiboost,0,0.6087,0.562,0.3857,1.0,0.746,0.7297,0.0,0.9,False,1,0.6087,0.562,2024-10-04 01:50:54
esm-t33-gearnet-pretrained-resiboost,0,0.6087,0.5693,0.3857,1.0,0.7519,0.7352,0.6,0.9,False,2,0.3676,0.5639,2024-10-04 01:51:16
esm-t33-gearnet-pretrained-resiboost,0,0.6202,0.5683,0.4,1.0,0.7571,0.7409,0.5,0.9,False,3,0.5476,0.569,2024-10-04 01:51:38
esm-t33-gearnet-pretrained-resiboost,0,0.6202,0.5689,0.4,1.0,0.7607,0.7409,0.7,0.9,False,4,0.4656,0.544,2024-10-04 01:52:00
esm-t33-gearnet-pretrained-resiboost,0,0.597,0.5688,0.3714,1.0,0.7647,0.7409,0.9,0.9,False,5,0.3676,0.5509,2024-10-04 01:52:22
esm-t33-gearnet-pretrained-resiboost,0,0.6082,0.5717,0.4,0.9655,0.7712,0.7297,0.6,0.9,False,6,0.4197,0.5761,2024-10-04 01:52:43
esm-t33-gearnet-pretrained-resiboost,0,0.6087,0.5722,0.3857,1.0,0.7726,0.7526,0.9,0.9,False,7,0.5846,0.5662,2024-10-04 01:53:06
esm-t33-gearnet-pretrained-resiboost,0,0.6202,0.5732,0.4,1.0,0.7777,0.7467,0.9,0.9,False,8,0.5852,0.5891,2024-10-04 01:53:27
esm-t33-gearnet-pretrained-resiboost,0,0.6202,0.5738,0.4,1.0,0.7792,0.7409,0.9,0.9,False,9,0.4197,0.5599,2024-10-04 01:53:50
esm-t33-gearnet-pretrained-resiboost,0,0.6314,0.5746,0.4143,1.0,0.7802,0.7352,0.8,0.9,False,10,0.495,0.5777,2024-10-04 01:54:11
esm-t33-gearnet-pretrained-resiboost,0,0.597,0.5621,0.3714,1.0,0.7546,0.716,0.0,0.9,True,1,0.597,0.5621,2024-10-04 01:54:33
esm-t33-gearnet-pretrained-resiboost,0,0.6082,0.5656,0.4,0.9655,0.7638,0.7297,0.3,0.9,True,2,0.5354,0.567,2024-10-04 01:54:55
esm-t33-gearnet-pretrained-resiboost,0,0.6314,0.5683,0.4143,1.0,0.7688,0.7352,0.5,0.9,True,3,0.5725,0.5722,2024-10-04 01:55:17
esm-t33-gearnet-pretrained-resiboost,0,0.597,0.5701,0.3714,1.0,0.7699,0.7409,0.8,0.9,True,4,0.5354,0.5465,2024-10-04 01:55:38
esm-t33-gearnet-pretrained-resiboost,0,0.597,0.5699,0.3714,1.0,0.7706,0.7467,0.9,0.9,True,5,0.5852,0.5541,2024-10-04 01:56:00
esm-t33-gearnet-pretrained-resiboost,0,0.6314,0.5725,0.4143,1.0,0.7764,0.7409,0.8,0.9,True,6,0.4197,0.5752,2024-10-04 01:56:22
esm-t33-gearnet-pretrained-resiboost,0,0.6087,0.5734,0.3857,1.0,0.7777,0.7409,0.9,0.9,True,7,0.4512,0.5545,2024-10-04 01:56:44
esm-t33-gearnet-pretrained-resiboost,0,0.6314,0.5732,0.4143,1.0,0.7794,0.7297,0.9,0.9,True,8,0.6314,0.5668,2024-10-04 01:57:05
esm-t33-gearnet-pretrained-resiboost,0,0.6202,0.5714,0.4,1.0,0.779,0.7297,0.9,0.9,True,9,0.5602,0.5527,2024-10-04 01:57:27
esm-t33-gearnet-pretrained-resiboost,0,0.6202,0.5718,0.4,1.0,0.7811,0.7467,0.9,0.9,True,10,0.5602,0.5641,2024-10-04 01:57:49
